aX,aY,aZ,gX,gY,gZ
0.093,-0.107,0.998,93.994,-42.480,-138.184
0.055,-0.079,0.974,1.343,1.160,-7.385
0.053,-0.080,0.967,-9.277,4.028,11.414
0.054,-0.082,0.966,-1.526,-0.244,1.465
0.052,-0.078,0.967,-0.793,-1.160,0.000
0.050,-0.078,0.967,-0.671,-1.282,-0.122
0.051,-0.079,0.967,-0.244,-1.099,-0.183
0.052,-0.079,0.963,-0.427,-1.099,-0.244
0.052,-0.079,0.966,-0.549,-1.404,-0.305
0.054,-0.077,0.964,-0.549,-1.282,-0.244
0.054,-0.077,0.964,-0.244,-1.099,-0.488
0.053,-0.077,0.965,-0.610,-1.099,-0.183
0.054,-0.079,0.963,-0.427,-1.038,-0.244
0.054,-0.078,0.965,-0.427,-0.977,-0.244
0.054,-0.078,0.965,-0.366,-1.099,-0.122
0.053,-0.078,0.962,-0.183,-1.221,-0.305
0.055,-0.078,0.963,-0.305,-1.160,-0.366
0.053,-0.078,0.966,-0.549,-1.160,-0.122
0.053,-0.077,0.965,-0.427,-1.343,-0.244
0.053,-0.079,0.964,-0.305,-1.099,-0.183
0.054,-0.078,0.964,-0.427,-1.038,-0.183
0.052,-0.079,0.966,-0.244,-1.160,-0.427
0.053,-0.078,0.964,-0.244,-1.099,-0.305
0.052,-0.079,0.962,-0.183,-0.977,-0.183
0.052,-0.078,0.964,-0.305,-0.977,-0.183
0.054,-0.079,0.963,-0.427,-0.977,-0.183
0.053,-0.078,0.966,-0.305,-0.977,-0.244
0.054,-0.079,0.963,-0.122,-1.099,-0.244
0.054,-0.077,0.964,-0.366,-1.099,-0.061
0.053,-0.078,0.965,-0.366,-1.160,-0.244
0.054,-0.077,0.963,-0.122,-1.038,-0.183
0.055,-0.078,0.963,-0.183,-1.099,-0.183
0.054,-0.077,0.965,-0.427,-1.038,-0.305
0.053,-0.078,0.964,-0.305,-0.977,-0.183
0.052,-0.078,0.964,-0.305,-0.793,-0.183
0.052,-0.078,0.964,-0.366,-0.916,-0.244
0.054,-0.077,0.964,-0.366,-1.099,-0.122
0.052,-0.078,0.964,-0.366,-1.038,-0.183
0.054,-0.078,0.963,-0.610,-1.038,-0.122
0.052,-0.079,0.964,-0.488,-1.099,-0.305
0.052,-0.078,0.965,-0.488,-1.038,-0.305
0.051,-0.079,0.964,-0.427,-1.099,-0.305
0.051,-0.079,0.964,-0.366,-1.160,-0.183
0.051,-0.078,0.964,-0.427,-1.099,-0.183
0.052,-0.078,0.965,-0.427,-1.160,-0.244
0.053,-0.079,0.965,-0.305,-1.099,-0.366
0.054,-0.078,0.964,-0.366,-1.160,-0.244
0.054,-0.078,0.965,-0.427,-1.160,-0.122
0.054,-0.078,0.965,-0.183,-1.099,-0.183
0.053,-0.078,0.965,-0.366,-1.038,-0.244
0.054,-0.078,0.966,-0.366,-1.099,-0.366
0.052,-0.078,0.966,-0.366,-1.038,-0.305
0.052,-0.078,0.965,-0.305,-1.160,-0.183
0.053,-0.079,0.964,-0.183,-1.038,-0.305
0.053,-0.077,0.965,-0.427,-1.160,-0.244
0.054,-0.078,0.967,-0.366,-1.221,-0.183
0.055,-0.077,0.965,-0.244,-1.282,-0.244
0.053,-0.079,0.965,-0.244,-1.099,-0.183
0.053,-0.078,0.966,-0.305,-1.282,-0.244
0.052,-0.078,0.966,-0.183,-1.160,-0.244
0.053,-0.079,0.967,-0.305,-1.099,-0.122
0.053,-0.080,0.965,-0.427,-1.221,-0.183
0.053,-0.079,0.967,-0.244,-0.977,-0.305
0.052,-0.079,0.965,-0.305,-1.160,-0.122
0.054,-0.078,0.965,-0.366,-1.282,-0.183
0.055,-0.078,0.965,-0.549,-1.038,-0.244
0.054,-0.078,0.964,-0.427,-1.160,-0.183
0.054,-0.078,0.966,-0.305,-1.038,-0.366
0.052,-0.077,0.966,-0.244,-1.038,-0.488
0.053,-0.078,0.966,-0.305,-1.099,-0.183
0.053,-0.078,0.966,-0.305,-1.221,-0.183
0.054,-0.078,0.966,-0.427,-1.221,-0.122
0.053,-0.076,0.966,-0.366,-1.099,-0.244
0.053,-0.077,0.966,-0.305,-1.099,-0.366
0.053,-0.076,0.965,-0.427,-0.916,-0.366
0.052,-0.077,0.966,-0.366,-1.099,-0.244
0.054,-0.078,0.966,-0.305,-1.099,-0.244
0.054,-0.078,0.966,-0.183,-1.282,-0.122
0.053,-0.079,0.968,-0.305,-1.282,-0.366
0.053,-0.079,0.968,-0.305,-1.099,-0.183
0.054,-0.079,0.966,-0.366,-1.160,-0.122
0.053,-0.079,0.967,-0.427,-1.160,-0.122
0.053,-0.078,0.967,-0.366,-1.038,-0.122
0.053,-0.078,0.967,-0.305,-1.038,-0.183
0.053,-0.079,0.968,-0.305,-1.099,-0.244
0.052,-0.078,0.966,-0.122,-1.160,-0.244
0.052,-0.079,0.965,-0.244,-1.221,-0.183
0.052,-0.079,0.966,-0.427,-1.221,-0.183
0.053,-0.079,0.967,-0.366,-1.038,-0.061
0.052,-0.078,0.967,-0.549,-1.099,-0.122
0.054,-0.078,0.965,-0.549,-1.099,-0.183
0.055,-0.078,0.967,-0.305,-1.038,-0.305
0.054,-0.077,0.968,-0.488,-1.038,-0.244
0.054,-0.079,0.967,-0.427,-1.099,-0.183
0.055,-0.078,0.967,-0.305,-1.282,-0.122
0.054,-0.078,0.967,-0.427,-1.099,-0.183
0.053,-0.078,0.967,-0.488,-1.160,-0.366
0.053,-0.078,0.966,-0.488,-1.099,-0.488
0.053,-0.078,0.967,-0.488,-1.343,-0.305
0.053,-0.078,0.967,-0.366,-1.282,-0.427
0.052,-0.077,0.966,-0.488,-1.160,-0.244
0.049,-0.072,0.954,-0.732,-0.977,-0.122
0.057,-0.068,0.930,-0.488,-0.183,-0.183
0.060,-0.069,0.987,-1.099,-0.793,-0.305
0.057,-0.065,0.981,-0.977,-2.136,-0.122
0.051,-0.092,0.985,1.282,-1.282,-0.366
0.050,-0.089,1.001,-0.122,-1.282,-0.183
0.055,-0.087,0.985,-0.977,-1.526,-0.427
0.063,-0.084,0.947,-0.244,-0.610,-0.305
0.058,-0.087,0.963,-0.305,-0.671,-0.183
0.052,-0.077,0.961,-0.977,-1.465,-0.305
0.043,-0.080,0.950,-0.244,-1.587,-0.305
0.050,-0.080,0.941,0.183,-0.610,-0.183
0.050,-0.083,0.956,-0.427,-0.854,-0.305
0.043,-0.068,0.977,-1.404,-2.075,-0.549
0.053,-0.075,0.976,-0.244,-1.160,-0.427
0.061,-0.078,0.973,0.122,-0.549,-0.305
0.055,-0.072,0.986,-0.854,-1.587,-0.366
0.057,-0.072,0.985,-0.854,-1.465,-0.244
0.413,0.056,2.397,-38.452,-1.953,28.076
0.468,0.105,2.490,-21.667,24.292,23.132
0.392,0.117,2.513,-4.883,49.683,16.235
0.363,0.076,2.447,7.324,68.237,9.399
0.313,0.087,2.384,10.437,79.529,1.160
0.268,0.066,2.282,8.240,89.355,-6.653
0.222,0.042,2.200,1.038,98.267,-9.766
0.194,0.034,2.188,-13.062,107.483,-6.042
0.222,0.022,2.211,-33.081,116.272,0.916
0.230,-0.025,2.229,-53.162,123.657,6.714
0.256,-0.094,2.181,-68.848,132.080,8.301
0.237,-0.160,2.066,-77.820,141.235,5.493
0.191,-0.303,1.845,-77.271,150.818,1.587
0.091,-0.440,1.660,-73.120,159.546,-2.075
0.045,-0.442,1.345,-65.369,173.279,-4.089
-0.023,-0.447,1.092,-56.396,193.970,-0.549
-0.151,-0.418,0.810,-44.373,186.523,-3.540
-0.278,-0.333,0.550,-33.875,162.781,-5.676
-0.257,-0.227,0.425,-28.687,140.076,0.732
-0.195,-0.186,0.320,-24.841,115.295,9.644
-0.146,-0.188,0.215,-22.095,87.219,12.817
-0.095,-0.173,0.083,-17.456,70.129,9.399
-0.098,-0.112,-0.101,-7.996,64.270,0.793
-0.207,-0.030,-0.371,5.005,59.937,-5.981
-0.365,0.068,-0.694,14.771,52.124,-12.146
-0.466,0.155,-0.948,16.968,38.391,-18.738
-0.472,0.219,-1.068,13.000,15.869,-20.081
-0.419,0.223,-1.089,6.775,-10.620,-18.738
-0.321,0.206,-1.056,-3.113,-35.400,-16.479
-0.227,0.197,-1.002,-16.235,-55.603,-11.169
-0.182,0.173,-0.945,-28.503,-71.045,-3.357
-0.189,0.134,-0.900,-42.297,-82.336,6.775
-0.196,0.088,-0.869,-60.547,-92.834,13.855
-0.221,0.020,-0.908,-79.468,-92.346,19.043
-0.316,-0.061,-0.946,-92.285,-92.041,29.785
-0.425,-0.150,-0.987,-92.651,-96.680,37.109
-0.480,-0.209,-0.988,-82.642,-108.459,36.072
-0.489,-0.325,-0.945,-63.171,-126.038,29.846
-0.455,-0.424,-0.846,-38.269,-144.897,22.949
-0.360,-0.462,-0.684,-9.644,-159.241,19.287
-0.331,-0.457,-0.511,23.254,-166.382,17.578
-0.341,-0.441,-0.362,57.068,-167.603,16.357
-0.345,-0.318,-0.197,87.708,-167.908,13.489
-0.396,-0.127,-0.000,112.854,-169.617,7.019
-0.429,0.034,0.207,129.639,-170.715,0.916
-0.359,0.174,0.482,132.568,-170.349,-2.197
-0.259,0.329,0.804,121.277,-164.124,-0.793
-0.185,0.319,1.076,106.689,-141.602,6.165
-0.159,0.263,1.334,93.506,-108.582,13.611
-0.105,0.168,1.601,79.285,-83.313,20.264
-0.079,0.140,1.877,66.467,-67.932,25.574
-0.034,0.071,2.077,63.599,-58.594,25.208
0.025,-0.033,2.179,67.017,-51.880,20.142
0.170,-0.140,2.204,67.322,-41.870,19.287
0.286,-0.135,2.225,63.721,-25.330,22.095
0.360,-0.116,2.223,67.566,-2.319,21.606
0.368,-0.097,2.143,81.299,23.926,11.047
0.287,-0.031,1.941,96.619,45.532,-8.484
0.069,-0.133,1.645,112.793,51.270,-29.968
0.093,0.115,1.667,123.840,43.823,-60.181
-0.064,0.045,1.206,130.920,-21.667,-36.743
-0.293,-0.256,0.690,107.361,-41.321,-2.930
0.029,-0.024,1.206,41.931,-7.507,-14.832
0.109,-0.052,1.479,9.460,-40.222,-1.892
-0.021,-0.150,1.376,-1.160,-70.251,6.348
-0.197,0.023,3.357,-9.888,-66.650,4.761
0.166,-0.542,0.772,16.541,-41.382,-1.465
-0.464,0.043,1.820,-82.947,-40.344,-10.864
-0.153,-0.161,1.468,-80.383,-2.380,-5.859
-0.097,-0.187,1.572,-62.927,11.108,-2.014
0.023,-0.150,1.779,-45.898,-8.057,2.075
0.008,-0.205,1.664,-17.761,-26.917,-1.770
-0.018,-0.216,1.508,2.014,-36.987,-2.808
0.004,-0.182,1.482,6.836,-26.978,-3.235
0.061,-0.191,1.455,6.714,-11.719,-10.803
0.077,-0.124,1.448,8.362,-10.376,-22.034
-0.036,-0.027,1.481,9.216,-15.076,-23.499
-0.071,-0.053,1.419,12.268,-10.925,-18.616
-0.071,-0.111,1.343,15.259,-0.305,-13.245
-0.047,-0.129,1.261,13.306,5.920,-9.155
-0.064,-0.157,1.182,8.850,7.751,-4.028
-0.045,-0.131,1.159,3.113,16.663,-0.366
-0.041,-0.129,1.219,-2.502,25.330,5.371
0.005,-0.223,0.901,0.488,37.537,9.644
-0.113,-0.208,0.935,-6.897,37.476,10.925
-0.134,-0.189,0.869,-7.629,39.307,17.090
-0.112,-0.205,0.891,-2.930,31.311,21.851
-0.091,-0.183,0.918,-1.221,23.254,22.034
-0.036,-0.231,0.951,-0.732,16.907,19.897
-0.013,-0.193,1.028,-3.906,10.254,14.771
-0.045,-0.137,1.079,-2.869,6.592,10.437
0.008,-0.147,1.062,4.517,6.104,9.583
0.084,-0.137,1.090,12.878,6.714,10.498
0.073,-0.146,1.116,22.766,7.385,11.047
0.014,-0.168,1.041,34.119,10.437,12.329
-0.036,-0.218,0.927,41.809,14.771,14.526
-0.136,-0.168,0.947,40.588,21.240,16.357
-0.036,-0.081,0.957,38.208,28.503,18.188
-0.015,-0.115,0.943,47.241,30.762,18.372
-0.054,-0.158,0.943,58.899,28.442,16.235
-0.108,-0.181,1.012,70.679,29.541,10.254
-0.005,-0.179,1.030,82.092,32.104,3.723
0.146,-0.157,0.993,92.041,32.532,-2.441
0.102,-0.132,1.036,97.229,29.480,-6.104
0.073,-0.169,1.021,104.004,20.508,-0.244
0.065,-0.296,0.971,114.746,3.906,13.000
0.133,-0.362,0.897,118.347,-13.123,23.071
0.078,-0.411,0.861,108.948,-24.292,25.024
-0.027,-0.527,0.867,87.524,-32.593,20.630
0.082,-0.483,0.914,59.326,-49.561,14.099
0.079,-0.305,0.941,26.550,-87.830,-0.732
0.229,-0.264,0.955,12.878,-126.831,-10.498
0.015,-0.237,0.802,24.231,-141.724,-17.334
-0.255,-0.344,0.794,45.532,-129.272,-18.555
-0.230,-0.455,0.794,68.481,-102.051,-19.043
-0.285,-0.328,0.870,81.116,-77.393,-27.893
-0.125,-0.308,0.922,85.999,-59.021,-35.339
-0.101,-0.388,0.992,80.017,-42.297,-36.560
0.019,-0.402,0.803,63.416,-30.090,-40.222
0.062,-0.873,1.969,21.423,-4.944,-17.456
0.082,-0.929,2.105,16.479,-1.648,-14.038
0.065,-0.935,2.208,11.536,4.761,-7.446
0.022,-0.926,2.262,3.906,15.869,-0.671
0.008,-0.909,2.343,-10.193,26.794,2.380
-0.001,-0.879,2.399,-29.053,33.691,1.038
0.014,-0.912,2.361,-49.866,42.847,1.038
0.032,-0.948,2.296,-68.115,58.167,3.906
0.063,-0.990,2.204,-81.543,73.853,8.667
0.048,-0.996,2.098,-91.919,87.036,15.747
0.003,-0.992,1.981,-98.572,100.464,24.780
-0.030,-0.952,1.812,-102.783,113.464,31.860
-0.162,-0.906,1.638,-105.774,126.709,36.621
-0.154,-0.868,1.490,-106.628,149.658,37.720
-0.207,-0.896,1.323,-114.075,146.912,37.964
-0.231,-0.921,1.201,-125.122,134.888,44.373
-0.230,-0.952,1.065,-134.094,133.179,43.335
-0.268,-0.967,0.910,-139.893,134.033,43.152
-0.281,-0.949,0.747,-140.808,135.010,41.748
-0.296,-0.939,0.559,-134.888,137.512,39.001
-0.322,-0.957,0.371,-125.488,139.160,38.818
-0.338,-0.923,0.204,-118.347,135.803,40.588
-0.355,-0.853,0.037,-116.699,129.822,43.823
-0.365,-0.760,-0.091,-120.850,120.056,49.561
-0.371,-0.661,-0.201,-124.939,109.009,55.664
-0.353,-0.535,-0.396,-132.141,101.807,60.303
-0.298,-0.347,-0.674,-149.048,94.849,63.904
-0.294,-0.105,-0.988,-167.358,82.886,66.040
-0.307,0.104,-1.289,-173.096,70.862,65.674
-0.301,0.296,-1.624,-161.377,57.800,62.317
-0.289,0.449,-1.943,-142.395,39.612,56.458
-0.321,0.552,-2.164,-124.451,16.052,49.744
-0.383,0.634,-2.326,-106.812,-11.169,41.260
-0.434,0.613,-2.474,-87.158,-36.682,29.541
-0.444,0.488,-2.521,-65.430,-62.012,16.541
-0.519,0.334,-2.531,-40.222,-91.980,4.395
-0.440,0.085,-2.271,-9.521,-106.323,0.488
-0.521,-0.096,-2.075,17.517,-136.169,-8.850
-0.620,-0.272,-1.700,45.105,-168.518,-8.728
-0.671,-0.355,-1.280,70.374,-187.134,-7.385
-0.711,-0.377,-0.784,89.478,-210.205,-6.409
-0.696,-0.313,-0.146,105.774,-234.680,-2.441
-0.665,-0.303,0.423,116.333,-254.028,2.075
-0.600,-0.195,1.020,122.986,-261.414,-2.686
-0.533,-0.157,1.503,128.784,-250.000,-10.437
-0.456,-0.155,1.944,127.930,-226.318,-11.292
-0.406,-0.152,2.320,125.366,-202.148,-13.550
-0.296,-0.176,2.540,118.958,-176.086,-17.456
-0.240,-0.221,2.592,102.539,-142.395,-21.423
-0.109,-0.279,2.533,86.121,-107.788,-21.179
-0.046,-0.285,2.510,73.120,-83.130,-15.564
-0.038,-0.275,2.426,67.017,-66.162,-6.165
-0.082,-0.250,2.393,67.566,-48.767,2.197
-0.151,-0.218,2.383,70.129,-35.339,5.371
-0.193,-0.211,2.254,64.026,-25.085,1.587
-0.200,-0.256,2.045,41.626,-16.907,-5.676
-0.175,-0.341,1.808,18.677,-14.648,-11.169
-0.137,-0.416,1.595,9.766,-14.526,-13.184
-0.130,-0.455,1.440,13.977,-14.221,-11.475
-0.175,-0.447,1.401,25.024,-16.479,-8.057
-0.199,-0.432,1.446,36.804,-20.813,-5.615
-0.129,-0.415,1.401,42.175,-22.644,-6.165
-0.118,-0.485,1.617,43.030,-16.907,-5.798
-0.147,-0.500,1.632,41.748,-24.658,-4.089
-0.090,-0.465,1.690,30.151,-19.287,3.662
-0.053,-0.421,1.635,19.592,-6.592,11.047
-0.080,-0.344,1.565,13.245,2.258,17.029
-0.120,-0.232,1.535,11.292,5.676,23.499
-0.158,-0.148,1.484,13.245,8.423,24.963
-0.182,-0.139,1.433,15.869,11.108,21.423
-0.179,-0.168,1.402,19.531,12.146,14.893
-0.156,-0.220,1.395,22.461,11.230,8.240
-0.124,-0.278,1.354,20.508,10.803,3.723
-0.108,-0.326,1.276,9.094,11.353,2.197
-0.108,-0.363,1.186,-5.371,10.498,3.357
-0.111,-0.377,1.078,-16.785,8.972,5.249
-0.104,-0.369,0.995,-22.339,7.324,7.812
-0.123,-0.341,0.934,-18.005,6.409,10.681
-0.145,-0.287,0.869,-7.324,7.385,12.817
-0.167,-0.232,0.829,0.854,5.981,13.672
-0.186,-0.194,0.824,3.174,1.221,13.672
-0.188,-0.183,0.832,0.122,-3.967,11.841
-0.170,-0.188,0.833,-5.920,-8.301,8.789
-0.171,-0.180,0.834,-9.766,-10.071,6.592
-0.194,-0.171,0.846,-7.874,-9.583,4.883
-0.190,-0.167,0.866,-3.052,-8.118,2.136
-0.175,-0.188,0.872,-0.366,-6.470,-0.427
-0.181,-0.232,0.875,-0.366,-4.944,-1.465
-0.173,-0.276,0.868,0.549,-3.296,-1.099
-0.155,-0.304,0.859,3.906,-1.526,-0.305
-0.147,-0.298,0.860,6.165,-0.732,0.549
-0.138,-0.281,0.880,5.310,-1.831,2.258
-0.127,-0.263,0.915,4.089,-2.625,3.296
-0.119,-0.240,0.945,4.028,-1.465,3.845
-0.127,-0.216,0.959,4.883,1.404,4.578
-0.145,-0.192,0.969,5.859,4.456,4.822
-0.167,-0.198,0.975,5.920,5.920,3.845
-0.165,-0.227,1.004,3.296,6.165,1.892
-0.150,-0.266,1.016,-0.122,6.287,-0.427
-0.145,-0.286,1.004,-3.052,7.751,-1.526
-0.132,-0.279,1.000,-4.761,8.667,-2.075
-0.124,-0.258,0.971,-5.127,8.667,-1.892
-0.127,-0.253,0.937,-3.418,8.789,-0.366
-0.147,-0.249,0.932,0.549,8.179,0.671
-0.143,-0.258,0.946,5.859,7.202,0.732
-0.144,-0.264,0.963,9.094,6.287,0.610
-0.136,-0.284,0.971,8.118,4.883,0.732
-0.118,-0.292,0.989,2.747,2.258,0.854
-0.108,-0.285,0.987,-4.883,0.000,1.587
-0.102,-0.277,0.937,-10.925,-0.122,2.441
-0.097,-0.273,0.916,-12.756,-0.916,3.052
-0.090,-0.278,0.932,-10.193,-2.441,3.479
-0.082,-0.284,0.950,-4.883,-2.686,3.845
-0.066,-0.292,0.964,-0.061,-1.892,4.333
-0.119,-0.260,0.981,2.930,-1.282,4.150
-0.120,-0.255,1.004,4.517,-0.732,2.869
-0.114,-0.257,1.017,1.953,-0.427,0.000
-0.106,-0.251,1.010,-4.517,-1.160,-1.953
-0.098,-0.232,0.972,-12.146,-1.709,-2.686
-0.132,-0.417,2.528,7.751,0.061,-1.831
-0.177,-0.447,2.904,16.663,7.690,-0.366
-0.139,-0.499,3.228,15.625,19.470,-3.906
-0.040,-0.595,3.456,-2.808,33.325,-9.705
0.062,-0.693,3.635,-34.424,48.279,-10.559
0.137,-0.735,3.677,-67.993,64.880,-4.944
0.158,-0.757,3.578,-97.961,85.205,2.869
0.099,-0.728,3.329,-124.329,107.605,14.954
-0.015,-0.646,2.971,-146.973,127.258,27.161
-0.155,-0.522,2.538,-164.490,143.433,34.973
-0.332,-0.426,2.158,-174.438,155.762,37.659
-0.431,-0.336,1.722,-179.932,170.593,31.677
-0.459,-0.289,1.285,-184.753,179.443,24.475
-0.542,-0.205,0.903,-187.378,172.119,22.339
-0.645,-0.107,0.467,-194.214,167.053,22.522
-0.807,0.020,0.091,-200.806,160.950,20.569
-0.948,0.099,-0.393,-201.538,151.672,9.277
-0.994,0.041,-0.895,-195.435,146.484,-8.301
-0.940,-0.057,-1.248,-170.593,136.108,-21.790
-0.958,-0.099,-1.467,-127.808,123.352,-27.771
-1.034,-0.202,-1.678,-90.576,119.141,-31.921
-1.000,-0.420,-1.836,-73.181,109.375,-40.100
-0.837,-0.672,-2.003,-64.453,90.820,-46.448
-0.661,-0.873,-2.163,-49.316,79.468,-40.894
-0.516,-0.905,-2.311,-27.527,67.993,-24.658
-0.448,-0.793,-2.491,-10.315,50.110,-8.362
-0.412,-0.664,-2.662,-4.639,33.325,5.127
-0.304,-0.515,-2.759,-1.770,7.812,12.695
-0.238,-0.349,-2.801,10.193,-27.405,15.503
-0.232,-0.229,-2.706,32.288,-63.538,19.226
-0.261,-0.137,-2.423,63.110,-99.854,20.813
-0.330,-0.109,-2.019,91.370,-135.864,20.264
-0.463,-0.167,-1.513,104.858,-167.603,18.921
-0.556,-0.350,-0.945,109.863,-195.007,15.930
-0.566,-0.577,-0.386,114.563,-215.332,10.254
-0.552,-0.764,0.121,119.568,-226.135,7.629
-0.392,-0.807,0.649,122.498,-232.178,11.658
-0.406,-0.692,1.115,132.385,-226.746,18.616
-0.483,-0.465,1.546,148.621,-209.900,28.076
-0.520,-0.188,1.930,159.851,-191.162,27.954
-0.475,-0.039,2.204,157.227,-174.622,18.494
-0.382,-0.057,2.370,144.226,-153.137,4.761
-0.339,-0.161,2.599,136.780,-133.179,-7.202
-0.265,-0.259,2.912,140.442,-121.460,-14.893
-0.156,-0.335,3.133,143.677,-105.164,-21.851
-0.118,-0.325,3.275,133.667,-81.604,-23.743
-0.078,-0.274,3.202,110.413,-61.584,-20.996
-0.072,-0.202,2.887,81.848,-44.678,-19.958
-0.044,-0.170,2.444,64.026,-32.898,-16.479
-0.064,-0.172,2.056,58.655,-30.396,-11.353
0.021,-0.219,1.611,56.152,-32.227,-5.920
-0.088,-0.174,1.703,51.270,-26.245,-2.991
-0.111,-0.400,1.518,51.086,-50.171,8.362
-0.102,-0.386,1.779,39.246,-66.345,3.235
-0.554,-0.530,1.525,49.255,-45.654,-7.141
-0.036,-0.481,1.942,49.072,-17.700,7.629
-0.241,-0.519,1.904,62.744,-8.484,5.249
-0.085,-0.491,1.931,52.368,8.301,9.521
-0.176,-0.424,1.763,33.447,15.076,16.785
-0.151,-0.348,1.652,17.761,14.954,25.024
-0.171,-0.276,1.487,9.094,15.076,25.391
-0.169,-0.226,1.363,3.418,16.113,22.644
-0.185,-0.156,1.273,-1.953,11.108,19.714
-0.154,-0.123,1.207,-10.254,3.479,15.381
-0.156,-0.168,1.126,-18.677,-1.160,10.803
-0.141,-0.237,1.086,-20.447,-2.380,7.202
-0.115,-0.271,1.107,-10.742,-2.808,4.639
-0.115,-0.280,1.106,0.916,-1.892,4.761
-0.142,-0.262,1.100,5.798,0.671,7.019
-0.183,-0.230,1.097,6.042,3.235,8.301
-0.189,-0.205,1.041,1.404,6.226,6.592
-0.182,-0.189,0.948,-11.475,7.019,3.906
-0.164,-0.194,0.841,-22.400,5.066,3.601
-0.210,-0.195,0.748,-24.719,0.183,3.784
-0.240,-0.224,0.730,-18.005,-3.967,4.822
-0.231,-0.264,0.760,-7.507,-5.249,2.075
-0.207,-0.303,0.811,0.122,-5.737,-0.061
-0.182,-0.336,0.841,0.916,-5.981,0.366
-0.177,-0.338,0.828,-1.892,-4.395,2.319
-0.191,-0.322,0.794,-4.028,-0.977,4.883
-0.181,-0.277,0.806,-4.089,0.610,6.897
-0.192,-0.223,0.820,-1.160,1.343,8.118
-0.209,-0.158,0.837,2.197,2.625,8.545
-0.228,-0.134,0.835,5.615,2.930,6.348
-0.226,-0.143,0.848,6.531,2.075,3.540
-0.197,-0.166,0.866,4.700,-1.465,1.099
-0.206,-0.190,0.918,4.456,-4.028,-0.732
-0.204,-0.214,0.957,5.737,-1.892,-1.587
-0.196,-0.256,0.964,4.822,0.916,-2.625
-0.177,-0.302,0.972,2.014,2.136,-2.441
-0.164,-0.326,0.974,0.916,2.380,-0.793
-0.165,-0.324,0.959,2.075,4.333,1.648
-0.159,-0.308,0.938,3.418,6.409,3.540
-0.167,-0.268,0.949,3.906,6.409,4.944
-0.165,-0.228,0.966,2.808,5.981,5.676
-0.169,-0.200,0.957,-0.488,5.981,4.822
-0.178,-0.181,0.943,-3.296,5.737,3.967
-0.131,-0.156,0.991,-2.991,4.456,2.686
-0.176,-0.193,0.961,1.526,4.944,-0.183
-0.139,-0.212,1.001,4.272,6.348,-1.221
-0.145,-0.238,1.027,5.127,7.019,-2.075
-0.123,-0.249,1.015,5.066,9.644,-2.258
-0.134,-0.263,0.993,4.089,10.559,-2.747
-0.160,-0.291,0.957,3.601,10.071,-3.662
-0.138,-0.282,0.937,3.113,7.874,-4.150
-0.127,-0.286,0.931,3.967,4.944,-3.784
-0.127,-0.278,0.923,6.165,3.235,-3.357
-0.097,-0.252,0.933,5.188,2.563,-2.380
-0.118,-0.240,0.917,2.747,1.831,-2.319
-0.109,-0.227,0.922,-0.244,0.854,-3.052
-0.115,-0.230,0.932,-1.221,-0.183,-3.723
-0.127,-0.215,0.953,0.305,-0.427,-3.784
-0.149,-0.227,0.982,3.113,0.366,-3.235
-0.152,-0.269,0.997,4.578,1.587,-3.235
-0.150,-0.319,0.996,0.061,2.136,-3.601
-0.152,-0.387,0.965,-6.165,1.953,-3.052
-0.130,-0.440,0.922,-10.315,1.831,-1.648
-0.125,-0.457,0.876,-9.399,2.014,0.793
-0.095,-0.430,0.833,-3.052,2.319,4.211
-0.020,-0.578,2.390,-11.597,-21.057,0.427
0.029,-0.528,2.615,-25.146,-13.733,8.057
0.054,-0.438,2.798,-40.466,-0.793,17.822
0.032,-0.318,2.902,-50.964,15.320,27.466
0.019,-0.196,3.013,-57.800,35.645,33.508
0.011,-0.095,3.065,-63.354,54.138,34.729
-0.019,-0.033,3.030,-71.167,70.801,33.142
-0.078,-0.037,2.957,-87.097,87.524,28.870
-0.042,-0.139,2.859,-112.244,103.333,20.630
-0.136,-0.279,2.547,-139.648,119.690,10.071
-0.106,-0.367,2.397,-161.499,138.123,2.441
-0.220,-0.483,2.227,-161.621,132.690,1.709
-0.300,-0.520,2.033,-147.339,132.935,0.977
-0.393,-0.541,1.845,-134.155,144.104,-0.061
-0.436,-0.564,1.589,-138.733,150.208,-4.028
-0.385,-0.615,1.176,-164.429,154.175,-7.385
-0.431,-0.635,0.716,-194.092,156.128,-6.226
-0.539,-0.638,0.257,-205.872,151.123,-3.662
-0.652,-0.605,-0.171,-198.425,148.132,-4.700
-0.686,-0.590,-0.563,-177.551,146.729,-13.611
-0.653,-0.631,-0.932,-157.349,142.212,-25.574
-0.550,-0.652,-1.160,-145.874,130.554,-30.212
-0.492,-0.698,-1.440,-134.033,110.229,-28.259
-0.471,-0.718,-1.742,-113.464,91.187,-23.315
-0.452,-0.725,-1.965,-80.444,70.190,-13.062
-0.474,-0.688,-2.038,-43.091,42.053,-1.282
-0.454,-0.576,-1.955,-16.357,16.052,7.324
-0.397,-0.396,-1.982,-4.883,-2.625,10.864
-0.359,-0.173,-2.118,-6.714,-13.550,14.771
-0.374,0.003,-2.254,-11.230,-27.710,19.531
-0.358,0.109,-2.358,0.305,-44.678,18.066
-0.361,0.158,-2.295,34.607,-56.335,16.296
-0.341,0.112,-2.018,82.458,-62.927,16.663
-0.457,0.060,-1.609,121.582,-90.027,7.874
-0.451,-0.036,-1.168,141.052,-115.540,-0.671
-0.399,-0.203,-0.774,136.353,-131.226,-9.827
-0.409,-0.415,-0.408,119.202,-150.452,-14.221
-0.328,-0.656,-0.016,112.549,-167.297,-11.597
-0.231,-0.748,0.377,121.216,-177.185,-4.272
-0.174,-0.645,0.772,138.794,-184.265,8.362
-0.270,-0.347,1.217,159.607,-184.143,14.282
-0.215,-0.176,1.531,174.866,-175.537,16.357
-0.242,-0.151,1.807,173.584,-164.307,9.949
-0.188,-0.180,1.986,161.072,-152.161,1.404
-0.131,-0.082,2.155,138.184,-138.123,2.563
-0.162,0.036,2.184,119.385,-122.986,6.714
-0.273,0.068,2.164,109.680,-106.201,8.362
-0.367,0.016,2.220,110.779,-90.332,7.751
-0.459,-0.081,2.301,125.061,-77.026,4.700
-0.479,-0.179,2.348,134.521,-63.049,-4.272
-0.429,-0.291,2.396,124.939,-48.706,-13.794
-0.328,-0.375,2.306,101.135,-38.574,-21.179
-0.270,-0.423,2.138,75.806,-34.058,-23.315
-0.237,-0.405,2.002,62.988,-30.151,-20.569
-0.227,-0.327,1.959,63.110,-27.832,-16.785
-0.252,-0.226,1.901,66.284,-24.231,-13.733
-0.592,-0.188,2.146,58.899,-16.235,-12.268
-0.234,-0.372,1.707,55.481,-4.089,-8.057
-0.170,-0.453,1.484,43.091,-8.057,-10.498
-0.307,-0.452,1.622,24.414,-1.282,-15.320
-0.119,-0.509,1.429,40.039,9.583,-11.230
-0.136,-0.463,1.398,52.429,17.273,-11.963
-0.152,-0.375,1.404,47.363,12.817,-5.493
-0.336,-0.479,1.387,35.828,9.827,-1.587
-0.061,-0.366,1.446,9.705,10.193,0.366
-0.143,-0.415,1.385,-11.169,10.132,3.601
-0.074,-0.448,1.362,-16.663,7.935,1.587
-0.050,-0.469,1.290,-16.907,9.338,2.136
-0.024,-0.454,1.221,-11.230,12.573,4.822
-0.079,-0.439,1.132,1.160,15.259,7.751
-0.124,-0.380,1.095,15.930,16.357,9.460
-0.083,-0.375,1.163,21.362,13.855,7.690
-0.042,-0.420,1.151,7.690,10.193,1.953
-0.045,-0.448,1.092,-16.602,7.751,2.075
-0.033,-0.411,0.976,-28.442,7.263,7.263
-0.069,-0.314,0.874,-23.926,8.667,11.047
-0.115,-0.247,0.816,-12.817,7.507,10.986
-0.147,-0.226,0.824,-5.249,1.404,7.751
-0.160,-0.232,0.869,-2.136,-5.859,2.869
-0.149,-0.284,0.876,-2.991,-8.057,0.000
-0.134,-0.351,0.886,-5.371,-5.310,-0.732
-0.110,-0.375,0.921,-8.057,-4.028,-0.061
-0.111,-0.334,0.960,-9.705,-5.554,2.747
-0.120,-0.271,0.965,-8.057,-4.456,7.202
-0.160,-0.210,0.965,-3.052,-0.549,9.094
-0.187,-0.188,0.960,3.296,3.784,7.690
-0.184,-0.223,0.953,6.958,6.897,3.723
-0.143,-0.275,0.923,5.981,7.263,-0.549
-0.129,-0.326,0.906,-0.366,5.188,-2.319
-0.127,-0.350,0.878,-8.240,2.808,-2.197
-0.146,-0.355,0.845,-12.024,2.075,-1.587
-0.159,-0.357,0.818,-9.277,2.319,-1.038
-0.157,-0.354,0.823,-1.160,2.808,0.183
-0.168,-0.340,0.837,8.667,3.723,2.075
-0.197,-0.323,0.859,16.357,5.310,3.723
-0.196,-0.318,0.876,15.625,6.226,3.601
-0.170,-0.327,0.825,2.502,5.859,3.174
-0.171,-0.333,0.748,-12.939,4.272,4.517
-0.170,-0.302,0.708,-19.348,0.427,6.531
-0.161,-0.243,0.719,-15.198,-3.723,7.935
-0.147,-0.169,0.747,-6.958,-5.981,8.484
-0.134,-0.088,0.776,1.343,-5.981,8.240
-0.166,-0.035,0.800,8.362,-6.714,7.324
-0.201,-0.049,0.828,13.611,-7.874,3.784
-0.184,-0.110,0.919,15.259,-9.766,-1.953
-0.161,-0.183,1.014,10.376,-11.841,-7.263
-0.119,-0.254,1.023,-2.136,-11.902,-9.583
-0.116,-0.318,1.016,-12.451,-10.864,-8.484
-0.121,-0.381,1.013,-13.123,-9.888,-5.493
-0.133,-0.426,1.042,-5.249,-7.935,-2.869
-0.113,-0.425,1.071,4.883,-4.578,-1.099
-0.128,-0.410,1.090,13.672,-0.183,1.404
-0.121,-0.370,1.092,20.752,3.662,4.578
-0.127,-0.306,1.118,23.376,5.371,6.714
-0.130,-0.254,1.122,14.648,7.080,5.615
-0.123,-0.233,1.078,-4.211,7.507,3.479
-0.114,-0.232,0.994,-19.836,6.104,3.052
-0.120,-0.231,0.915,-26.306,5.005,2.930
-0.141,-0.230,0.896,-20.935,4.272,2.625
-0.157,-0.423,2.708,34.302,-15.381,24.475
-0.172,-0.434,3.179,30.212,-10.803,23.376
-0.130,-0.524,3.592,6.165,-2.625,18.982
-0.015,-0.646,3.933,-36.377,13.245,18.188
0.221,-0.823,4.000,-79.773,36.743,30.518
0.223,-0.891,4.000,-113.159,53.406,52.673
0.109,-0.892,4.000,-143.188,65.491,74.585
-0.008,-0.895,4.000,-180.176,91.431,88.318
-0.346,-0.822,4.000,-218.506,129.639,90.942
-0.260,-0.647,3.901,-244.934,194.031,87.158
-0.478,-0.574,3.436,-260.559,213.867,77.148
-0.719,-0.585,2.998,-255.737,200.012,56.580
-0.843,-0.708,2.322,-270.386,212.097,34.302
-1.006,-0.914,1.487,-307.861,222.473,21.362
-1.056,-0.985,0.653,-330.261,218.018,13.184
-1.154,-1.151,-0.203,-312.195,210.876,-9.094
-1.267,-1.366,-1.065,-267.029,208.252,-34.607
-1.263,-1.485,-1.782,-215.088,203.979,-46.936
-1.236,-1.610,-2.447,-165.161,192.810,-51.086
-1.155,-1.801,-2.865,-141.602,182.373,-49.866
-1.016,-1.877,-3.381,-139.832,153.870,-39.978
-0.893,-1.840,-3.893,-140.564,118.896,-24.231
-0.743,-1.601,-4.000,-122.192,84.412,1.038
-0.779,-1.213,-4.000,-80.322,42.725,28.992
-0.752,-0.735,-4.000,-36.194,7.019,45.532
-0.694,-0.218,-4.000,2.502,-34.180,53.040
-0.698,0.263,-4.000,38.147,-79.529,54.565
-0.755,0.573,-3.649,72.937,-120.422,48.584
-0.788,0.655,-3.074,101.685,-155.884,37.170
-0.899,0.439,-2.498,125.488,-185.364,23.621
-1.024,0.025,-1.799,144.104,-208.313,12.878
-0.882,-0.319,-0.988,168.518,-217.651,8.850
-0.822,-0.519,-0.344,191.101,-212.646,-4.822
-0.772,-0.646,0.131,195.374,-217.163,-11.719
-0.704,-0.702,0.509,188.721,-210.999,-8.667
-0.762,-0.687,0.790,183.044,-209.717,-5.615
-0.746,-0.707,1.233,191.467,-207.214,-3.540
-0.750,-0.708,1.784,215.942,-204.651,-7.629
-0.615,-0.762,2.258,231.812,-198.425,-16.113
-0.323,-0.689,2.578,214.661,-186.768,-24.536
-0.311,-0.720,2.676,175.659,-163.025,-30.273
-0.337,-0.585,2.746,145.020,-132.874,-25.635
-0.391,-0.417,2.796,130.310,-109.375,-17.578
-0.423,-0.318,2.945,125.366,-92.407,-10.498
-0.393,-0.338,3.073,128.235,-82.581,-8.484
-0.370,-0.418,3.240,131.958,-77.332,-10.925
-0.326,-0.533,3.467,131.775,-66.406,-14.709
-0.291,-0.579,4.000,126.892,-43.213,-17.761
0.073,-0.775,3.353,125.305,-56.580,-3.235
-0.315,-0.557,3.407,75.500,-53.528,-10.071
-0.295,-0.411,2.944,39.551,-0.793,-3.906
0.101,-0.271,2.802,48.645,33.325,-1.831
-0.520,-0.289,2.090,52.979,39.429,-15.808
-0.239,-0.093,1.858,25.391,29.724,-8.179
-0.165,-0.155,1.651,-5.737,24.170,-6.287
-0.114,-0.313,1.309,-10.437,22.949,-17.944
-0.049,-0.397,1.110,-10.986,19.104,-17.395
-0.029,-0.443,1.084,-3.723,9.705,-8.240
-0.054,-0.410,1.137,5.920,1.038,-0.732
-0.073,-0.308,1.167,5.066,-1.343,4.517
-0.058,-0.179,1.190,-1.526,-0.061,6.958
-0.097,-0.074,1.153,-2.075,2.686,6.531
-0.125,-0.018,1.072,-1.038,8.362,3.113
-0.124,-0.040,0.968,-4.883,12.268,-1.221
-0.134,-0.123,0.838,-12.085,13.672,-4.089
-0.129,-0.207,0.737,-19.043,12.024,-5.188
-0.107,-0.272,0.661,-22.095,7.141,-5.493
-0.099,-0.351,0.601,-18.127,5.127,-4.028
-0.092,-0.425,0.628,-8.240,4.272,0.854
-0.139,-0.434,0.734,4.272,2.258,7.507
-0.168,-0.417,0.810,11.963,2.441,11.902
-0.174,-0.430,0.850,12.451,5.432,13.428
-0.154,-0.381,0.872,9.094,6.592,14.404
-0.150,-0.280,0.843,7.080,6.531,16.113
-0.150,-0.182,0.764,7.507,9.033,16.235
-0.162,-0.113,0.733,6.714,9.094,14.465
-0.159,-0.082,0.763,5.188,3.357,11.597
-0.147,-0.098,0.803,6.104,-2.808,7.935
-0.152,-0.125,0.875,10.620,-4.333,5.371
-0.180,-0.157,0.982,16.418,-3.967,4.822
-0.197,-0.217,1.052,17.151,-3.235,3.296
-0.119,-0.290,1.125,10.254,-2.625,0.549
-0.142,-0.344,1.148,7.507,-0.366,0.000
-0.132,-0.333,1.136,7.385,7.080,5.676
-0.149,-0.273,1.116,3.906,11.841,10.132
-0.180,-0.201,1.093,-0.427,10.376,11.292
-0.233,-0.126,1.051,-3.845,9.033,9.766
-0.233,-0.105,1.041,-2.258,9.827,4.944
-0.212,-0.157,1.091,6.470,10.254,-2.014
-0.182,-0.212,1.164,15.381,9.644,-8.057
-0.167,-0.261,1.250,17.578,8.667,-11.597
-0.112,-0.326,1.339,16.174,8.606,-11.597
-0.089,-0.392,1.515,16.541,7.690,-8.484
-0.003,-0.469,1.799,20.447,5.249,-3.784
0.016,-0.546,2.144,27.161,6.409,-0.916
0.002,-0.558,2.656,36.865,10.132,7.019
-0.003,-0.582,3.155,47.607,19.348,13.000
0.046,-0.653,3.514,43.213,38.025,14.160
0.128,-0.720,3.839,20.508,64.941,17.212
0.161,-0.712,4.000,-2.869,94.482,26.917
0.102,-0.706,4.000,-24.414,127.625,37.964
0.002,-0.726,3.799,-64.209,161.926,45.166
-0.079,-0.758,3.290,-117.371,189.697,49.927
-0.206,-0.803,2.628,-174.072,208.435,52.429
-0.343,-0.843,1.949,-216.309,220.154,50.964
-0.432,-0.926,1.359,-237.305,221.375,42.480
-0.505,-0.908,0.608,-237.000,217.590,32.654
-0.511,-0.835,0.030,-227.051,206.116,23.193
-0.560,-0.930,-0.683,-209.412,163.391,12.817
-0.559,-0.790,-1.113,-196.838,126.953,13.794
-0.605,-0.630,-1.627,-171.326,109.375,22.522
-0.668,-0.535,-2.240,-142.944,106.262,19.287
-0.688,-0.469,-2.791,-126.282,89.417,13.123
-0.696,-0.483,-3.266,-132.141,51.331,8.240
-0.665,-0.554,-3.685,-148.560,8.179,2.808
-0.630,-0.574,-3.930,-138.306,-26.184,2.869
-0.518,-0.583,-4.000,-87.891,-42.114,10.742
-0.655,-0.448,-3.950,-18.921,-73.181,17.944
-0.700,-0.207,-3.638,49.072,-105.957,25.879
-0.934,0.067,-2.482,134.766,-165.283,20.508
-0.918,0.028,-1.795,144.714,-195.251,5.798
-0.841,-0.133,-1.030,145.447,-219.482,-4.944
-0.809,-0.260,-0.171,161.194,-234.619,-7.874
-0.818,-0.290,0.752,190.857,-240.967,-11.414
-0.797,-0.316,1.776,213.867,-240.723,-16.907
-0.709,-0.384,2.760,220.398,-234.680,-23.743
-0.550,-0.553,3.533,208.130,-215.271,-33.325
-0.382,-0.754,4.000,170.715,-185.181,-37.292
-0.281,-0.960,4.000,123.840,-155.823,-27.710
-0.137,-1.102,4.000,90.576,-126.038,-10.315
-0.091,-1.091,4.000,72.876,-87.891,9.949
-0.155,-0.899,4.000,66.467,-40.466,32.227
-0.059,-0.669,4.000,63.965,18.311,41.809
-0.137,-0.595,4.000,34.302,21.851,49.622
-0.377,-0.402,4.000,-19.714,-6.775,34.851
-0.285,-0.409,4.000,-31.433,53.589,15.442
-0.146,-0.510,4.000,-30.334,121.460,8.667
-0.099,-0.553,4.000,-52.368,132.446,10.193
-0.127,-0.493,3.757,-86.243,128.479,16.357
-0.156,-0.412,3.112,-119.263,142.395,18.982
-0.239,-0.277,2.416,-153.503,160.461,20.569
-0.471,-0.161,1.614,-180.237,167.603,23.071
-0.429,-0.038,0.855,-195.374,182.007,20.630
-0.618,-0.045,0.179,-208.679,160.461,11.169
-0.679,-0.201,-0.326,-196.472,114.929,1.038
-0.640,-0.336,-0.903,-177.185,96.680,-11.902
-0.552,-0.431,-1.535,-160.583,103.699,-23.193
-0.499,-0.496,-2.160,-139.832,103.699,-24.780
-0.530,-0.538,-2.726,-116.821,92.896,-20.813
-0.569,-0.542,-3.345,-98.816,81.360,-21.484
-0.513,-0.536,-3.938,-91.064,61.035,-23.010
-0.488,-0.579,-4.000,-78.918,24.292,-22.034
-0.473,-0.548,-4.000,-44.373,-13.733,-17.578
-0.311,-0.555,-4.000,15.015,-42.969,-9.033
-0.463,-0.556,-3.668,79.834,-104.492,-3.540
-0.451,-0.504,-2.820,139.282,-152.344,5.676
-0.519,-0.427,-1.902,175.842,-185.303,8.118
-0.680,-0.428,-0.860,189.453,-222.046,10.010
-0.736,-0.457,0.208,196.655,-248.718,6.714
-0.668,-0.583,1.194,207.214,-255.005,-1.404
-0.611,-0.688,2.226,214.905,-250.366,-4.883
-0.635,-0.809,3.279,222.534,-235.718,-1.709
-0.525,-0.908,4.000,213.501,-206.787,1.648
-0.444,-0.990,4.000,172.424,-167.725,5.432
-0.318,-1.023,4.000,119.141,-124.695,13.733
-0.286,-0.929,4.000,80.994,-79.773,25.574
-0.262,-0.725,4.000,64.270,-28.931,36.865
-0.364,-0.475,4.000,57.495,24.780,47.974
-0.377,-0.291,4.000,36.255,75.745,51.147
-0.471,-0.196,4.000,-17.090,104.431,38.696
-0.407,-0.345,4.000,-75.195,126.770,25.269
-0.285,-0.471,4.000,-124.207,147.705,11.780
-0.214,-0.426,3.471,-154.236,167.908,6.409
-0.323,-0.296,2.555,-156.860,190.979,10.620
-0.375,-0.079,1.997,-149.109,219.177,12.939
-0.641,-0.053,1.526,-142.822,195.068,13.245
-0.677,-0.168,0.970,-155.273,159.912,5.310
-0.726,-0.362,0.316,-198.425,130.310,-10.864
-0.698,-0.603,-0.459,-230.042,120.056,-19.470
-0.593,-0.668,-1.156,-221.130,124.207,-28.137
-0.494,-0.693,-1.859,-179.993,121.277,-31.677
-0.500,-0.650,-2.457,-143.372,107.727,-27.771
-0.518,-0.557,-3.075,-114.075,92.590,-22.827
-0.528,-0.530,-3.630,-95.825,70.496,-20.874
-0.476,-0.578,-3.999,-78.918,34.546,-23.010
-0.349,-0.672,-4.000,-57.129,-11.353,-24.231
-0.215,-0.687,-4.000,-30.640,-59.021,-20.081
-0.196,-0.594,-3.874,6.287,-102.905,-7.385
-0.349,-0.462,-3.335,52.979,-145.508,11.230
-0.564,-0.330,-2.679,101.929,-181.641,22.217
-0.692,-0.304,-1.805,146.851,-209.473,24.170
-0.822,-0.400,-0.769,188.782,-237.549,23.010
-0.854,-0.453,0.372,228.210,-252.625,19.653
-0.832,-0.569,1.467,259.033,-251.953,13.000
-0.794,-0.726,2.614,260.803,-243.347,4.578
-0.656,-0.901,3.714,233.643,-230.469,2.258
-0.489,-1.062,4.000,197.876,-204.712,6.042
-0.396,-1.078,4.000,168.396,-165.161,17.639
-0.396,-0.997,4.000,146.667,-117.126,31.433
-0.446,-0.841,4.000,119.812,-66.162,39.612
-0.404,-0.651,4.000,86.243,-18.372,40.771
-0.417,-0.506,4.000,56.702,23.071,39.185
-0.403,-0.444,4.000,29.602,59.631,34.241
-0.311,-0.474,4.000,-8.240,93.201,24.719
-0.271,-0.526,4.000,-50.598,123.962,21.606
-0.247,-0.414,3.886,-79.407,163.940,26.794
-0.199,-0.252,3.278,-94.482,204.956,36.194
-0.447,-0.061,2.578,-95.581,208.984,33.203
-0.651,-0.029,1.994,-107.300,204.590,25.757
-0.545,-0.201,1.374,-135.864,192.322,7.324
-0.486,-0.398,0.774,-172.241,160.522,-3.540
-0.613,-0.535,0.053,-193.909,128.235,-3.967
-0.685,-0.605,-0.741,-196.350,120.117,-7.385
-0.580,-0.496,-1.584,-178.040,131.104,-5.859
-0.578,-0.365,-2.394,-148.499,132.935,-2.075
-0.553,-0.315,-3.179,-129.456,116.638,-4.578
-0.506,-0.249,-3.833,-108.337,100.830,-8.362
-0.362,-0.303,-4.000,-64.697,90.637,-16.602
-0.400,-0.380,-4.000,-21.973,26.306,-22.705
-0.319,-0.428,-4.000,16.296,-29.480,-18.616
-0.372,-0.500,-3.793,54.382,-79.102,-11.658
-0.421,-0.442,-3.088,95.459,-127.258,-2.258
-0.525,-0.373,-2.172,138.062,-169.922,4.517
-0.604,-0.332,-1.144,177.856,-200.134,3.906
-0.660,-0.314,-0.049,202.209,-225.342,-2.319
-0.639,-0.419,1.036,205.017,-242.004,-10.010
-0.528,-0.554,2.011,191.406,-243.408,-16.785
-0.557,-0.702,2.886,170.654,-232.727,-16.968
-0.542,-0.784,3.804,155.334,-211.548,-8.911
-0.541,-0.873,4.000,152.466,-178.223,-1.343
-0.424,-0.928,4.000,141.357,-131.042,4.761
-0.363,-0.881,4.000,113.708,-72.327,13.550
-0.444,-0.789,4.000,82.214,-10.071,26.062
-0.256,-0.736,4.000,46.936,45.532,34.790
-0.292,-0.645,4.000,-2.625,76.660,33.386
-0.415,-0.606,4.000,-53.101,99.426,29.480
-0.394,-0.573,4.000,-79.651,141.663,22.217
-0.240,-0.627,4.000,-92.407,187.561,12.207
-0.257,-0.656,3.072,-102.173,204.651,-5.798
-0.399,-0.683,2.405,-139.282,192.078,-2.991
-0.479,-0.696,1.675,-182.739,188.171,8.057
-0.554,-0.676,0.874,-207.520,191.956,16.663
-0.739,-0.583,0.068,-213.928,190.063,19.165
-0.803,-0.489,-0.801,-209.839,187.927,11.353
-0.845,-0.516,-1.703,-204.285,184.631,-3.906
-0.767,-0.594,-2.641,-198.792,175.903,-19.836
-0.645,-0.593,-3.449,-181.458,151.794,-29.480
-0.531,-0.511,-4.000,-148.865,115.784,-32.593
-0.428,-0.438,-4.000,-104.370,74.585,-27.527
-0.463,-0.303,-4.000,-54.016,23.560,-13.794
-0.570,-0.177,-4.000,-1.892,-30.945,-3.174
-0.596,-0.153,-3.877,43.152,-84.290,-1.404
-0.592,-0.170,-3.159,72.815,-134.460,-2.319
-0.590,-0.190,-2.417,93.689,-172.668,-2.808
-0.668,-0.211,-1.620,116.333,-195.068,-2.380
-0.700,-0.332,-0.841,141.479,-210.449,-3.784
-0.578,-0.499,-0.055,160.217,-224.304,-4.578
-0.525,-0.637,0.879,172.363,-226.746,-2.991
-0.558,-0.667,1.726,185.669,-219.910,1.038
-0.509,-0.619,2.541,192.261,-206.787,4.395
-0.422,-0.633,3.274,188.171,-187.134,0.305
-0.372,-0.686,3.974,171.326,-165.955,-0.977
-0.278,-0.694,4.000,148.254,-141.663,0.061
-0.210,-0.694,4.000,119.202,-113.037,2.441
-0.206,-0.714,4.000,93.750,-81.482,9.216
-0.198,-0.741,4.000,71.228,-49.377,14.954
-0.156,-0.742,4.000,44.556,-13.855,17.944
-0.122,-0.675,4.000,13.611,25.513,22.217
-0.187,-0.606,4.000,-19.104,63.843,25.879
-0.235,-0.604,4.000,-54.749,93.323,23.987
-0.220,-0.578,4.000,-82.397,120.972,18.188
-0.173,-0.612,3.840,-103.943,155.518,13.733
-0.145,-0.655,3.235,-120.300,166.443,9.766
-0.176,-0.618,2.544,-148.010,170.837,11.414
-0.288,-0.549,1.795,-176.086,170.654,17.273
-0.410,-0.476,1.062,-188.721,163.696,21.301
-0.578,-0.423,0.344,-190.125,156.006,19.348
-0.730,-0.395,-0.455,-183.105,156.677,11.963
-0.741,-0.438,-1.118,-175.293,156.921,1.404
-0.634,-0.540,-1.771,-167.542,142.822,-13.000
-0.518,-0.677,-2.471,-162.231,122.803,-24.597
-0.384,-0.731,-3.141,-147.156,100.037,-22.827
-0.366,-0.590,-3.706,-110.046,73.303,-10.498
-0.375,-0.355,-4.000,-57.556,45.898,1.831
-0.349,-0.102,-4.000,-11.780,12.085,10.498
-0.392,0.107,-4.000,20.142,-29.358,16.296
-0.489,0.225,-3.977,44.861,-71.411,17.761
-0.565,0.249,-3.585,73.181,-109.985,14.038
-0.550,0.214,-2.945,106.812,-145.325,9.766
-0.665,0.102,-2.192,138.000,-183.472,2.258
-0.695,-0.070,-1.426,159.485,-211.609,-4.822
-0.750,-0.311,-0.766,167.542,-228.455,-9.399
-0.819,-0.612,-0.050,171.509,-242.371,-12.817
-0.867,-0.924,0.764,184.082,-251.282,-16.663
-0.865,-1.141,1.604,199.524,-252.869,-18.433
-0.880,-1.254,2.461,199.768,-245.239,-17.151
-0.840,-1.288,3.240,188.904,-225.281,-11.536
-0.747,-1.295,3.921,179.016,-193.420,-5.737
-0.628,-1.258,4.000,167.542,-154.846,4.517
-0.605,-1.163,4.000,141.663,-115.479,14.465
-0.627,-1.045,4.000,109.070,-73.730,20.386
-0.813,-0.893,4.000,72.937,-35.461,25.269
-0.203,-0.820,4.000,56.885,5.981,30.701
-0.527,-0.709,4.000,34.424,4.089,37.476
-0.728,-0.486,4.000,-2.197,-1.038,28.137
-0.665,-0.484,4.000,-20.874,60.913,15.869
-0.442,-0.517,4.000,-38.940,117.493,5.066
-0.385,-0.521,4.000,-67.261,125.366,-2.136
-0.321,-0.535,3.803,-96.558,130.981,-1.587
-0.375,-0.461,3.127,-118.347,157.776,1.038
-0.447,-0.367,2.581,-141.418,187.134,4.883
-0.522,-0.428,2.002,-151.306,182.495,-1.404
-0.533,-0.606,1.535,-165.527,172.546,-10.681
-0.508,-0.773,1.047,-171.082,166.565,-17.151
-0.470,-0.873,0.586,-171.143,158.997,-18.555
-0.468,-0.858,0.037,-174.377,153.748,-17.273
-0.473,-0.734,-0.612,-176.453,161.072,-11.536
-0.511,-0.643,-1.281,-168.152,168.396,-4.639
-0.485,-0.569,-1.997,-152.161,164.612,-1.343
-0.569,-0.427,-2.675,-129.761,158.691,-0.916
-0.445,-0.307,-3.223,-99.121,150.635,-0.061
-0.459,-0.177,-3.770,-63.354,120.300,-3.235
-0.417,-0.018,-4.000,-29.480,75.989,-4.089
-0.399,0.153,-4.000,4.761,33.569,-3.235
-0.393,0.319,-4.000,47.729,-14.587,-5.249
-0.416,0.398,-4.000,95.093,-63.293,-9.216
-0.581,0.449,-3.684,134.155,-108.398,-11.658
-0.848,0.359,-3.005,156.677,-151.123,-18.372
-1.037,0.081,-2.100,159.424,-197.266,-35.400
-1.137,-0.324,-1.051,156.128,-236.755,-54.932
-1.136,-0.718,0.143,158.142,-261.414,-68.542
-1.057,-0.984,1.402,173.279,-276.428,-74.829
-0.927,-1.170,2.594,193.542,-275.452,-73.486
-0.901,-1.266,3.771,199.280,-252.319,-62.378
-0.788,-1.489,4.000,192.444,-211.426,-46.326
-0.627,-1.663,4.000,164.062,-162.964,-32.288
-0.394,-1.733,4.000,120.178,-100.525,-17.761
-0.253,-1.707,4.000,87.036,-35.706,0.549
0.165,-1.552,4.000,76.904,19.287,20.081
0.649,-1.108,4.000,68.665,69.519,39.124
0.273,-0.760,4.000,38.574,64.575,65.491
-0.316,-0.374,4.000,-29.907,45.044,64.026
-0.203,-0.595,4.000,-50.781,124.878,48.645
-0.310,-1.053,4.000,-66.956,182.068,27.832
-0.138,-1.327,4.000,-117.004,238.586,19.226
-0.203,-1.516,3.567,-160.522,273.254,15.625
-0.242,-1.578,2.501,-171.814,281.982,21.545
-0.317,-1.452,1.616,-177.612,256.042,35.217
-0.569,-1.147,0.749,-185.791,202.515,58.105
-0.959,-0.862,-0.389,-199.890,176.453,69.275
-1.043,-0.539,-1.348,-222.534,205.750,65.857
-0.984,-0.328,-2.565,-225.769,215.881,54.749
-0.996,-0.240,-3.563,-208.374,187.683,33.508
-0.901,-0.184,-4.000,-176.453,153.442,16.968
-0.722,-0.109,-4.000,-133.789,110.657,9.094
-0.690,-0.028,-4.000,-87.158,55.176,5.676
-0.710,0.100,-4.000,-37.964,-1.953,8.728
-0.858,0.442,-4.000,32.288,-126.526,11.841
-0.950,0.494,-3.532,60.486,-180.359,9.033
-1.040,0.397,-2.759,91.370,-219.116,0.854
-1.045,0.143,-1.970,121.887,-246.948,-10.559
-1.045,-0.211,-1.239,145.020,-266.663,-20.691
-1.000,-0.573,-0.513,153.259,-276.306,-27.100
-1.051,-0.794,0.369,157.288,-282.593,-24.841
-1.093,-0.970,1.167,168.762,-281.311,-20.874
-1.006,-1.123,2.055,178.772,-270.691,-18.555
-0.735,-1.130,2.939,189.087,-257.385,-9.460
-0.780,-1.101,3.880,201.172,-228.149,-2.075
-0.687,-1.178,4.000,195.557,-189.392,-1.648
-0.552,-1.241,4.000,154.968,-149.536,1.648
-0.507,-1.147,4.000,105.530,-110.901,13.062
-0.430,-1.009,4.000,77.515,-53.772,23.987
-0.167,-1.244,4.000,79.163,9.338,35.522
-0.373,-1.042,4.000,37.170,29.785,41.443
-0.567,-0.742,4.000,-16.968,27.527,36.865
-0.406,-0.635,4.000,-57.312,65.002,22.095
-0.356,-0.715,4.000,-60.303,112.854,10.742
-0.229,-0.737,4.000,-60.913,156.555,6.714
-0.299,-0.738,3.971,-81.787,159.424,11.230
-0.436,-0.726,3.358,-111.145,170.532,21.362
-0.501,-0.704,2.840,-163.147,216.919,22.644
-0.595,-0.813,2.071,-203.369,217.224,21.545
-0.788,-0.831,1.277,-225.647,206.665,22.705
-0.897,-0.758,0.410,-227.661,206.299,22.888
-0.934,-0.641,-0.502,-217.163,200.867,17.822
-0.916,-0.541,-1.377,-205.566,191.101,7.385
-0.842,-0.466,-2.184,-185.120,179.810,-3.052
-0.874,-0.336,-3.104,-148.743,163.513,-10.254
-0.823,-0.214,-3.952,-114.685,145.813,-16.785
-0.716,-0.160,-4.000,-97.473,115.295,-20.569
-0.647,-0.196,-4.000,-90.881,72.754,-18.799
-0.530,-0.273,-4.000,-65.796,21.301,-17.700
-0.447,-0.340,-4.000,-10.010,-43.579,-17.761
-0.534,-0.384,-4.000,61.096,-116.821,-9.705
-0.690,-0.427,-4.000,130.493,-180.115,0.916
-0.880,-0.496,-3.049,189.453,-232.910,4.395
-1.067,-0.504,-1.669,231.323,-273.682,0.549
-1.147,-0.539,-0.106,251.343,-302.124,-3.479
-1.146,-0.682,1.396,247.375,-315.552,-12.268
-1.054,-0.957,2.727,227.539,-308.716,-21.362
-0.902,-1.178,3.959,202.087,-286.804,-22.583
-0.772,-1.300,4.000,184.631,-253.662,-13.672
-0.555,-1.318,4.000,173.218,-204.346,-0.732
-0.428,-1.255,4.000,149.902,-141.052,11.353
-0.410,-1.222,4.000,120.789,-74.768,22.827
-0.345,-1.156,4.000,80.017,-15.503,28.381
0.056,-1.087,4.000,38.879,41.321,34.058
-0.210,-1.018,4.000,4.517,64.453,52.246
-0.589,-0.804,4.000,-40.833,67.444,45.471
-0.438,-0.845,4.000,-68.298,138.367,30.762
-0.322,-0.956,4.000,-91.003,192.505,22.156
-0.348,-0.904,3.793,-119.019,204.529,25.696
-0.408,-0.835,3.325,-132.385,226.501,34.424
-0.503,-0.762,2.679,-134.827,247.986,26.123
-0.590,-0.603,1.986,-161.194,241.699,19.165
-0.698,-0.448,1.306,-195.801,223.633,22.583
-0.859,-0.323,0.491,-214.661,208.191,21.057
-0.911,-0.304,-0.451,-225.647,195.190,13.367
-1.017,-0.226,-1.454,-234.619,179.382,3.540
-0.993,-0.232,-2.477,-229.431,169.128,-5.920
-0.990,-0.408,-3.474,-210.999,150.879,-23.254
-0.835,-0.694,-4.000,-180.054,120.483,-38.879
-0.595,-1.020,-4.000,-134.949,82.520,-46.021
-0.471,-1.132,-4.000,-83.923,35.461,-41.016
-0.212,-1.044,-4.000,-19.592,2.686,-15.869
-0.443,-0.737,-4.000,41.809,-61.829,6.653
-0.545,-0.492,-4.000,88.684,-121.826,25.574
-0.682,-0.330,-3.867,119.629,-179.016,32.593
-0.882,-0.183,-2.831,145.630,-238.281,36.743
-1.063,-0.105,-1.644,176.697,-281.799,34.607
-1.152,-0.157,-0.384,206.238,-308.716,23.193
-1.129,-0.344,0.832,216.370,-327.209,6.897
-1.100,-0.596,2.031,195.679,-332.764,-1.587
-1.072,-0.821,3.154,168.640,-322.937,-1.831
-1.105,-1.003,3.990,155.212,-290.588,1.709
-0.984,-1.159,4.000,147.034,-233.704,3.052
-0.783,-1.276,4.000,134.949,-165.649,5.798
-0.551,-1.277,4.000,118.103,-102.661,15.625
-0.418,-1.066,4.000,101.563,-47.302,32.104
-0.175,-0.928,4.000,98.694,12.268,45.410
-0.372,-0.946,4.000,85.693,36.438,60.852
-0.406,-0.462,4.000,24.719,14.038,59.448
-0.544,-0.391,4.000,-14.465,50.476,48.523
-0.522,-0.472,4.000,-26.367,119.995,26.855
-0.271,-0.518,4.000,-55.054,182.373,18.677
-0.175,-0.425,4.000,-98.938,183.533,21.057
-0.370,-0.283,3.675,-132.935,169.678,27.161
-0.593,-0.207,2.919,-149.902,195.374,24.536
-0.587,-0.163,2.012,-162.354,247.253,15.991
-0.705,-0.167,1.305,-194.153,242.371,7.446
-0.784,-0.302,0.560,-211.853,206.726,-1.587
-0.895,-0.382,-0.258,-227.356,190.918,-13.184
-0.942,-0.511,-1.181,-230.347,180.603,-18.677
-0.971,-0.665,-2.154,-217.712,159.607,-28.381
-0.900,-0.863,-3.040,-190.369,136.597,-41.016
-0.745,-1.026,-3.818,-155.273,108.398,-47.424
-0.614,-1.111,-4.000,-125.427,72.876,-45.837
-0.409,-1.175,-4.000,-100.342,30.701,-36.743
-0.270,-1.101,-4.000,-66.467,-15.991,-18.799
-0.278,-0.886,-4.000,-13.184,-64.575,4.456
-0.373,-0.622,-4.000,47.668,-116.394,25.574
-0.524,-0.353,-3.956,101.868,-172.791,40.344
-0.765,-0.150,-2.918,147.034,-223.572,49.377
-1.003,-0.024,-1.737,193.481,-256.165,44.922
-1.183,-0.016,-0.379,231.384,-277.100,29.114
-1.248,-0.125,1.175,249.878,-290.405,14.526
-1.234,-0.345,2.677,246.094,-282.715,-1.526
-1.042,-0.576,3.922,219.910,-249.695,-17.273
-0.799,-0.740,4.000,183.167,-201.904,-23.254
-0.580,-0.766,4.000,150.085,-144.287,-20.264
-0.377,-0.730,4.000,121.582,-77.881,-15.320
-0.229,-0.651,4.000,82.520,-13.733,-8.240
-0.207,-0.570,4.000,43.945,41.382,0.732
-0.256,-0.398,3.948,12.451,88.135,7.690
-0.297,-0.242,3.122,-11.414,112.305,6.348
-0.238,-0.263,2.468,-26.550,111.511,-2.319
-0.080,-0.497,1.597,-25.452,97.229,-16.418
-0.047,-0.531,1.312,-24.231,88.623,-13.428
-0.042,-0.504,1.128,-29.541,72.144,-10.193
-0.023,-0.469,1.015,-37.537,52.673,-7.874
-0.021,-0.421,0.950,-44.006,37.231,-6.409
-0.045,-0.303,0.872,-48.218,26.489,-4.089
-0.086,-0.149,0.768,-48.767,20.752,-2.258
-0.128,-0.019,0.631,-46.814,18.799,-2.991
-0.137,0.039,0.493,-42.786,18.433,-7.629
-0.138,0.035,0.340,-37.842,17.151,-14.282
-0.096,-0.046,0.209,-33.264,17.395,-20.935
-0.023,-0.175,0.111,-26.367,17.090,-23.560
0.006,-0.248,0.064,-18.188,12.756,-20.203
0.013,-0.279,0.053,-11.475,8.179,-13.977
0.009,-0.301,0.041,-6.897,3.784,-7.507
0.010,-0.320,0.099,-0.977,-2.075,-1.160
0.002,-0.320,0.228,8.972,-8.911,4.700
-0.011,-0.325,0.344,20.020,-11.047,7.446
-0.007,-0.303,0.490,28.625,-12.085,8.972
-0.047,-0.240,0.646,34.363,-17.639,11.047
-0.052,-0.195,0.804,35.828,-24.109,11.353
-0.033,-0.180,0.980,36.072,-28.442,10.315
-0.026,-0.197,1.103,37.231,-26.306,8.728
-0.005,-0.219,1.170,36.804,-19.775,7.385
0.013,-0.245,1.230,33.142,-16.785,7.996
-0.006,-0.239,1.286,29.663,-14.648,9.277
-0.009,-0.213,1.332,26.733,-11.230,10.498
-0.026,-0.201,1.350,24.475,-7.446,11.047
-0.028,-0.200,1.377,23.071,-3.723,10.925
-0.020,-0.187,1.365,19.348,-1.160,9.827
-0.020,-0.188,1.308,10.010,0.488,8.850
-0.022,-0.183,1.260,-0.671,0.305,7.996
-0.023,-0.186,1.204,-6.897,-1.099,7.629
-0.033,-0.170,1.169,-8.118,-0.977,7.935
-0.051,-0.160,1.140,-7.812,-0.610,7.751
-0.056,-0.162,1.117,-7.019,-0.244,6.775
-0.059,-0.175,1.104,-6.409,-0.488,5.920
-0.053,-0.187,1.109,-5.005,-0.061,5.188
-0.053,-0.190,1.106,-5.066,0.916,5.310
-0.076,-0.184,1.080,-9.094,1.953,6.287
-0.089,-0.176,1.013,-14.038,3.357,6.775
-0.105,-0.185,0.972,-16.357,3.784,7.202
-0.132,-0.198,0.955,-15.198,3.662,8.118
-0.159,-0.219,0.930,-11.841,3.845,7.568
-0.167,-0.236,0.915,-8.484,4.456,5.920
-0.164,-0.238,0.907,-5.920,3.967,3.601
-0.131,-0.239,0.870,-5.798,2.502,0.427
-0.104,-0.259,0.820,-7.019,1.831,-1.953
-0.091,-0.261,0.804,-6.775,-0.122,-2.563
-0.072,-0.233,0.807,-3.906,-3.296,-2.319
-0.065,-0.204,0.808,-0.427,-3.784,-1.709
-0.060,-0.174,0.790,1.831,-3.052,-1.038
-0.067,-0.145,0.766,4.333,-2.625,-0.610
-0.068,-0.134,0.753,6.348,-3.052,-0.183
-0.054,-0.128,0.749,7.629,-4.211,0.061
-0.057,-0.122,0.739,7.751,-5.371,-0.244
-0.060,-0.142,0.733,6.042,-7.141,-1.465
-0.056,-0.170,0.727,4.089,-9.949,-2.686
-0.056,-0.198,0.732,4.395,-13.367,-3.723
-0.061,-0.227,0.766,7.263,-16.663,-3.662
-0.065,-0.226,0.837,11.963,-19.531,-2.747
-0.081,-0.216,0.899,18.066,-18.799,-2.319
-0.068,-0.216,0.929,22.400,-14.954,-2.869
-0.047,-0.229,0.952,20.508,-13.123,-3.784
-0.034,-0.262,0.980,12.512,-13.977,-3.418
-0.018,-0.289,1.002,5.249,-14.099,-1.831
-0.037,-0.273,1.034,3.540,-13.550,1.160
-0.067,-0.248,1.070,6.897,-10.742,3.540
-0.074,-0.235,1.077,10.864,-6.287,3.784
-0.064,-0.235,1.070,11.536,-4.700,2.991
-0.060,-0.237,1.063,9.888,-4.578,3.113
-0.052,-0.249,1.052,10.071,-3.967,3.845
-0.058,-0.268,1.053,11.169,-3.174,4.456
-0.053,-0.275,1.078,10.437,-2.625,5.005
-0.040,-0.280,1.092,7.446,-2.075,5.432
-0.036,-0.270,1.100,4.700,-0.732,6.592
-0.042,-0.239,1.116,3.052,-0.244,8.911
-0.048,-0.201,1.126,4.517,1.038,10.376
-0.065,-0.164,1.111,7.446,4.272,10.925
-0.081,-0.126,1.072,9.338,6.958,10.315
-0.099,-0.101,1.042,10.010,7.812,8.972
-0.101,-0.101,1.017,7.629,7.019,5.615
-0.090,-0.132,0.979,1.953,5.615,1.953
-0.075,-0.170,0.934,-4.822,3.052,-0.122
-0.072,-0.201,0.899,-8.789,-0.977,0.122
-0.096,-0.226,0.876,-8.667,-4.089,1.465
-0.107,-0.233,0.886,-5.615,-6.775,2.930
-0.110,-0.227,0.932,0.183,-7.568,3.662
-0.110,-0.214,1.000,7.080,-6.958,5.066
-0.110,-0.219,1.065,13.428,-3.601,5.249
-0.101,-0.226,1.125,17.944,-0.061,5.066
-0.098,-0.242,1.243,21.301,0.610,5.127
-0.061,-0.271,1.457,26.062,0.305,5.066
-0.060,-0.271,1.821,34.119,-0.916,7.629
-0.060,-0.310,2.278,46.692,-0.793,10.803
-0.005,-0.380,2.817,58.289,2.319,14.526
0.007,-0.424,3.403,62.317,8.972,21.362
0.003,-0.475,3.914,55.908,26.611,27.161
0.036,-0.560,4.000,37.415,59.082,28.687
0.084,-0.707,4.000,0.305,98.572,28.137
0.146,-0.884,4.000,-62.805,130.188,29.541
0.194,-0.929,3.978,-138.550,152.710,37.537
0.049,-1.007,3.402,-186.279,180.054,48.340
-0.082,-0.906,2.972,-199.097,216.064,55.847
-0.210,-0.790,2.464,-189.636,227.783,55.908
-0.285,-0.690,2.038,-184.448,227.539,52.368
-0.408,-0.598,1.557,-189.270,227.051,48.218
-0.431,-0.602,0.908,-200.806,232.910,40.527
-0.546,-0.618,0.224,-218.994,217.468,28.870
-0.589,-0.632,-0.423,-231.262,184.631,15.991
-0.674,-0.639,-1.013,-225.525,158.813,3.418
-0.807,-0.631,-1.665,-201.294,139.038,-8.911
-0.868,-0.561,-2.191,-162.354,114.807,-21.606
-0.803,-0.599,-2.627,-115.723,86.243,-36.194
-0.683,-0.721,-2.921,-77.576,55.176,-46.936
-0.524,-0.847,-3.001,-54.443,21.301,-45.776
-0.432,-0.894,-3.064,-41.992,-5.371,-35.950
-0.397,-0.942,-3.161,-39.734,-25.940,-20.874
-0.418,-0.834,-3.239,-35.583,-46.875,-0.305
-0.567,-0.260,-3.321,26.794,-77.698,35.034
-0.684,0.023,-3.170,71.472,-100.525,41.565
-0.798,0.202,-2.866,101.318,-134.949,37.781
-0.849,0.188,-2.527,112.183,-168.945,25.208
-0.936,-0.007,-2.185,106.812,-198.975,11.414
-0.962,-0.356,-1.800,96.985,-224.548,0.122
-0.939,-0.716,-1.379,99.792,-246.765,-4.517
-0.915,-0.959,-0.763,125.916,-261.475,1.892
-0.998,-0.994,0.148,171.204,-270.752,15.808
-1.031,-0.958,1.145,217.712,-276.489,24.658
-1.045,-0.795,2.157,248.901,-269.470,23.804
-0.787,-0.853,3.154,248.291,-255.066,16.479
-0.833,-0.812,3.990,231.384,-232.666,-1.404
-0.529,-0.760,4.000,206.177,-194.519,-10.559
-0.423,-0.706,4.000,166.138,-149.414,-9.644
-0.391,-0.519,4.000,129.333,-109.985,-9.583
-0.287,-0.364,4.000,103.088,-65.796,-7.202
-0.294,-0.336,3.967,78.552,-27.710,-6.409
-0.325,-0.323,3.539,52.551,-6.897,-6.836
-0.491,-0.367,3.224,36.011,5.798,-14.221
-0.071,-0.396,2.532,30.334,20.325,-22.278
-0.220,-0.479,2.210,20.508,12.512,-28.748
-0.189,-0.515,2.101,13.855,4.456,-23.315
-0.142,-0.544,1.952,25.208,8.362,-20.752
-0.121,-0.595,1.800,23.743,12.085,-17.029
-0.130,-0.531,1.789,13.672,7.263,-6.042
-0.182,-0.365,1.679,4.211,7.935,5.493
-0.204,-0.191,1.473,-8.850,14.709,10.864
-0.216,-0.036,1.219,-24.353,16.479,11.719
-0.242,0.044,0.993,-31.555,18.372,8.972
-0.238,0.034,0.769,-26.306,21.973,1.404
-0.163,-0.047,0.612,-16.541,21.790,-9.949
-0.144,-0.143,0.516,-12.878,15.381,-18.188
-0.122,-0.283,0.463,-13.855,8.362,-20.996
-0.081,-0.438,0.475,-13.977,2.258,-21.362
-0.018,-0.521,0.508,-12.939,-3.052,-17.212
0.000,-0.530,0.507,-11.292,-4.272,-8.911
-0.015,-0.449,0.522,-7.874,-4.211,0.732
-0.052,-0.337,0.588,-1.038,-5.371,9.644
-0.103,-0.236,0.638,8.667,-2.991,13.916
-0.183,-0.148,0.625,17.395,1.709,13.672
-0.197,-0.126,0.711,24.353,1.160,8.911
-0.171,-0.155,0.879,29.297,-3.601,1.282
-0.152,-0.235,0.989,24.780,-4.639,-5.310
-0.141,-0.319,1.018,11.169,-5.310,-9.766
-0.099,-0.367,1.055,0.366,-8.728,-10.071
-0.023,-0.415,1.082,2.625,-8.362,-6.470
-0.109,-0.427,1.148,9.827,-9.949,0.427
-0.113,-0.398,1.204,16.724,-1.526,5.005
-0.076,-0.375,1.215,25.574,12.268,8.362
-0.088,-0.354,1.158,27.588,18.250,11.230
-0.131,-0.296,1.035,16.357,19.165,13.062
-0.140,-0.261,0.978,-1.709,13.794,11.475
-0.131,-0.246,0.981,-10.071,4.883,8.667
-0.127,-0.233,1.000,-3.845,2.380,6.653
-0.153,-0.187,1.009,7.751,4.395,5.615
-0.177,-0.167,1.046,18.311,4.944,4.639
-0.168,-0.195,1.094,25.574,4.700,2.747
-0.130,-0.309,1.131,30.334,5.737,2.014
-0.117,-0.400,1.204,26.917,5.249,4.822
-0.101,-0.460,1.230,11.780,5.127,7.385
-0.088,-0.452,1.173,-10.437,7.629,9.827
-0.109,-0.417,1.012,-29.846,10.559,11.108
-0.116,-0.345,0.876,-38.269,12.390,11.230
-0.118,-0.227,0.760,-32.471,11.047,10.132
-0.154,-0.132,0.667,-17.944,9.766,6.958
-0.184,-0.140,0.630,-2.197,10.498,0.183
-0.124,-0.250,0.666,9.827,7.874,-9.277
-0.088,-0.368,0.740,15.686,1.831,-16.541
-0.059,-0.463,0.801,10.864,-4.456,-18.677
-0.033,-0.506,0.849,-1.038,-9.277,-16.052
-0.037,-0.483,0.865,-8.789,-11.841,-10.193
-0.055,-0.451,0.843,-9.521,-10.620,-4.578
-0.090,-0.424,0.844,-7.324,-8.057,-0.366
-0.090,-0.375,0.878,-4.639,-6.042,2.686
-0.090,-0.304,0.889,-1.038,-2.441,4.944
-0.120,-0.223,0.859,1.709,1.648,6.287
-0.153,-0.165,0.811,2.686,3.296,4.700
-0.154,-0.163,0.815,2.258,1.221,0.061
-0.135,-0.195,0.872,3.357,-2.686,-4.761
-0.102,-0.236,0.907,3.845,-4.578,-8.667
-0.090,-0.274,0.924,1.953,-5.249,-10.498
-0.071,-0.310,0.918,-0.610,-6.592,-10.010
-0.059,-0.314,0.918,-2.319,-7.935,-7.507
-0.079,-0.324,0.894,-0.305,-6.165,-4.272
-0.109,-0.343,0.883,3.662,-2.808,-1.526
-0.183,-0.358,0.891,5.920,-1.465,-0.427
-0.090,-0.389,0.851,6.226,-1.648,-0.610
-0.105,-0.401,0.893,4.028,-8.118,-0.549
-0.078,-0.359,0.912,4.272,-7.751,1.587
-0.086,-0.261,0.923,7.874,-3.601,5.737
-0.151,-0.163,0.969,12.329,-2.869,8.362
-0.201,-0.115,1.035,16.357,-0.732,8.362
-0.242,-0.147,1.106,19.104,1.709,5.859
-0.256,-0.236,1.181,18.127,3.418,3.052
-0.216,-0.355,1.250,10.193,3.845,0.000
-0.143,-0.444,1.224,-6.775,4.639,-2.625
-0.077,-0.483,1.118,-25.635,7.629,-1.770
-0.038,-0.467,0.972,-33.875,11.902,2.991
-0.049,-0.383,0.866,-29.358,15.564,8.728
-0.115,-0.250,0.802,-17.090,17.334,12.573
-0.160,-0.146,0.754,-4.883,17.700,10.315
-0.153,-0.117,0.741,1.404,15.625,2.808
-0.112,-0.156,0.754,1.465,10.376,-5.066
-0.075,-0.251,0.761,0.366,4.333,-11.536
-0.066,-0.330,0.790,-0.671,0.061,-13.733
-0.062,-0.409,0.801,-0.793,-2.747,-13.611
-0.052,-0.459,0.828,0.366,-4.395,-11.597
-0.060,-0.476,0.869,2.014,-6.165,-8.179
-0.077,-0.476,0.886,5.432,-5.981,-4.395
-0.088,-0.441,0.901,10.315,-4.883,-1.221
-0.109,-0.393,0.914,16.418,-3.601,0.793
-0.117,-0.372,0.940,19.653,-2.319,-0.244
-0.029,-0.382,1.007,13.428,-3.784,-2.563
-0.066,-0.427,0.959,2.319,-6.470,-4.639
-0.057,-0.404,0.967,-4.089,-8.057,-2.930
-0.061,-0.353,0.962,-2.502,-6.531,0.427
-0.069,-0.302,0.983,3.418,-5.188,2.869
-0.068,-0.263,1.023,9.033,-4.700,4.822
0.003,-0.510,3.187,30.823,-5.859,1.282
0.024,-0.792,3.789,33.569,1.953,6.592
0.069,-1.107,4.000,35.217,17.517,14.160
0.103,-1.446,4.000,26.672,41.992,25.269
0.054,-1.647,4.000,6.042,76.599,37.476
0.078,-1.840,4.000,-36.133,112.061,46.753
-0.012,-1.984,4.000,-106.445,148.682,56.519
-0.145,-1.997,3.734,-180.481,179.993,70.496
-0.561,-2.016,3.155,-244.446,199.524,80.322
-0.422,-1.872,1.894,-276.672,241.028,81.360
-0.517,-1.766,0.742,-302.979,255.798,79.529
-0.651,-1.586,0.001,-303.467,203.308,73.303
-0.825,-1.400,-0.817,-267.273,183.777,67.749
-0.954,-1.102,-1.821,-226.135,187.500,67.017
-1.121,-0.674,-2.681,-205.688,176.025,74.402
-1.209,-0.464,-3.514,-197.327,142.639,63.232
-1.096,-0.526,-4.000,-199.341,103.882,35.156
-0.898,-0.590,-4.000,-202.454,52.612,15.503
-0.729,-0.531,-4.000,-177.673,5.554,16.357
-0.726,-0.360,-4.000,-106.445,-29.358,31.555
-0.859,0.062,-4.000,-15.381,-59.753,50.659
-1.028,0.496,-4.000,61.829,-90.759,58.167
-1.215,0.834,-4.000,105.774,-122.192,51.331
-1.346,0.903,-3.726,114.136,-160.522,32.410
-1.318,0.632,-2.928,116.272,-199.707,6.409
-1.229,0.185,-2.042,134.949,-224.609,-17.090
-1.134,-0.203,-1.059,170.349,-237.610,-31.677
-1.061,-0.479,-0.041,207.886,-238.220,-36.682
-1.004,-0.671,0.883,233.215,-225.769,-40.039
-0.875,-0.897,1.597,238.037,-206.909,-47.485
-0.754,-1.205,2.265,223.022,-191.895,-55.420
-0.677,-1.556,2.797,205.322,-184.082,-54.810
-0.345,-1.712,3.761,190.186,-174.744,-47.729
-0.239,-1.703,4.000,183.044,-149.841,-38.940
-0.159,-1.456,4.000,158.752,-116.821,-21.301
-0.242,-1.178,4.000,121.765,-90.820,-2.502
-0.372,-0.834,3.996,96.802,-74.829,7.446
-0.492,-0.721,4.000,83.801,-46.082,10.498
-0.308,-0.606,3.723,84.595,-29.663,11.658
-0.290,-0.430,4.000,46.448,-20.447,0.732
-0.532,-0.659,3.469,35.217,15.808,-9.644
-0.286,-0.599,2.910,43.274,53.467,-11.536
-0.292,-0.467,2.489,33.813,59.570,-3.845
-0.210,-0.352,2.425,16.418,40.894,-0.977
-0.198,-0.326,2.198,0.671,38.757,-8.728
-0.115,-0.290,1.704,-10.864,61.462,-11.169
-0.113,-0.204,1.282,-31.860,72.205,-6.714
-0.148,-0.050,0.887,-43.823,69.214,-1.892
-0.191,0.019,0.533,-44.006,63.599,-1.587
-0.149,0.016,0.334,-46.265,49.622,-5.798
-0.093,-0.046,0.247,-47.302,27.283,-13.611
-0.056,-0.099,0.200,-38.513,8.545,-20.508
-0.056,-0.191,0.236,-22.339,-4.639,-23.132
-0.026,-0.307,0.379,-6.042,-14.465,-21.667
-0.064,-0.386,0.564,4.211,-18.738,-15.747
-0.111,-0.461,0.651,3.296,-15.137,-10.620
-0.095,-0.531,0.676,-6.104,-11.902,-8.057
-0.023,-0.574,0.676,-16.479,-11.353,-5.249
0.007,-0.533,0.654,-16.174,-6.897,-0.122
-0.005,-0.420,0.619,-3.479,1.343,6.531
-0.045,-0.265,0.585,12.085,8.484,10.010
-0.093,-0.138,0.551,22.888,10.437,9.827
-0.125,-0.083,0.606,28.687,6.287,5.615
-0.111,-0.133,0.702,29.785,-0.061,-0.793
-0.084,-0.250,0.814,25.269,-6.653,-6.165
-0.068,-0.352,0.942,19.165,-13.184,-7.568
-0.110,-0.420,1.164,17.212,-16.724,-5.127
-0.032,-0.443,1.196,23.132,-18.860,2.380
-0.124,-0.391,1.356,19.409,-21.606,10.132
-0.130,-0.358,1.410,13.611,-10.071,13.794
-0.127,-0.310,1.391,10.559,4.883,15.625
-0.168,-0.243,1.336,7.446,11.780,16.174
-0.197,-0.197,1.246,1.648,13.123,13.672
-0.204,-0.188,1.169,-5.310,12.085,8.850
-0.184,-0.211,1.100,-8.972,10.010,3.418
-0.153,-0.254,1.018,-8.484,9.094,-1.831
-0.131,-0.293,0.922,-8.667,10.315,-5.310
-0.113,-0.299,0.836,-9.033,9.949,-6.104
-0.111,-0.287,0.796,-8.545,7.751,-5.432
-0.125,-0.284,0.758,-6.409,6.897,-4.395
-0.137,-0.305,0.748,-3.601,6.714,-3.784
-0.133,-0.362,0.752,-0.732,5.066,-4.150
-0.108,-0.410,0.781,3.418,2.136,-4.517
-0.100,-0.428,0.808,9.338,0.793,-4.028
-0.081,-0.420,0.818,12.695,0.793,-2.747
-0.083,-0.366,0.825,12.390,-1.343,0.610
-0.118,-0.309,0.812,9.033,-3.113,4.211
-0.125,-0.275,0.830,6.409,-3.601,5.615
-0.130,-0.255,0.873,5.981,-4.578,5.493
-0.145,-0.248,0.906,7.751,-2.747,3.845
-0.138,-0.259,0.922,9.888,-1.160,0.916
-0.110,-0.271,0.947,10.132,-2.197,-2.441
-0.054,-0.334,0.967,9.888,-3.418,-5.188
-0.032,-0.394,0.981,12.695,-2.258,-7.690
-0.020,-0.394,1.006,12.085,-0.488,-5.066
-0.040,-0.346,1.038,10.254,0.061,-0.488
-0.076,-0.319,1.037,8.789,0.977,0.916
-0.083,-0.321,1.038,5.493,1.892,0.671
-0.066,-0.318,1.011,1.465,1.526,-0.427
-0.065,-0.330,0.957,-3.174,0.305,-1.465
-0.046,-0.361,0.934,-6.165,-1.892,-2.502
-0.024,-0.374,0.923,-5.859,-3.784,-3.052
-0.025,-0.348,0.894,-5.005,-4.639,-2.014
-0.044,-0.326,0.868,-5.371,-4.639,-0.244
-0.064,-0.318,0.863,-5.127,-5.737,1.404
-0.089,-0.326,0.881,-2.808,-6.653,2.258
-0.101,-0.348,0.887,0.244,-6.287,1.892
-0.110,-0.362,0.896,-0.610,-6.653,1.343
-0.114,-0.369,0.896,-3.235,-8.484,0.671
-0.113,-0.375,0.885,-3.784,-9.644,0.610
-0.115,-0.365,0.890,-1.892,-10.010,1.282
-0.113,-0.344,0.903,0.610,-9.583,2.258
-0.120,-0.311,0.926,3.235,-7.751,3.662
-0.138,-0.281,0.955,6.042,-5.005,5.432
-0.151,-0.264,0.963,7.690,-1.099,5.371
-0.138,-0.269,0.964,6.775,2.136,3.357
-0.120,-0.291,0.948,3.845,3.479,1.648
-0.111,-0.314,0.905,1.831,4.639,0.488
-0.111,-0.335,0.864,0.427,4.028,-0.244
0.051,-0.694,2.487,95.032,21.362,14.404
0.123,-0.825,3.153,96.985,20.996,11.475
0.192,-1.031,3.833,59.448,18.494,11.841
0.278,-1.230,4.000,-3.174,23.132,15.808
0.322,-1.345,4.000,-60.181,42.175,25.452
0.256,-1.389,4.000,-99.426,75.317,41.626
0.141,-1.310,4.000,-120.911,116.760,61.279
-0.046,-1.263,4.000,-139.648,157.471,76.660
-0.291,-1.181,3.617,-157.288,188.477,83.252
-0.534,-1.143,3.121,-168.335,215.942,81.787
-0.820,-1.198,2.303,-200.439,240.784,70.313
-0.579,-1.360,1.525,-266.235,264.282,59.387
-0.758,-1.457,0.653,-334.534,225.525,48.889
-0.970,-1.277,-0.204,-343.384,182.678,48.645
-1.119,-1.058,-1.035,-304.687,186.951,55.298
-1.158,-0.800,-1.733,-244.751,195.251,58.472
-1.313,-0.612,-2.384,-203.735,175.537,53.650
-1.422,-0.603,-3.077,-206.787,144.836,39.551
-1.281,-0.737,-3.834,-231.995,109.863,20.630
-1.058,-0.833,-4.000,-228.821,70.496,5.066
-0.880,-0.802,-4.000,-171.692,35.889,1.221
-0.798,-0.597,-4.000,-83.008,3.662,9.033
-0.883,-0.312,-4.000,-4.089,-29.053,19.714
-0.956,-0.119,-4.000,43.640,-64.392,23.987
-0.926,-0.030,-4.000,67.139,-105.225,20.752
-0.908,0.011,-3.730,84.534,-149.231,16.907
-0.940,0.010,-3.105,107.666,-184.692,15.015
-0.936,-0.043,-2.385,129.333,-209.595,12.329
-0.950,-0.096,-1.644,153.809,-228.455,7.874
-0.980,-0.259,-0.942,177.551,-243.774,-3.540
-0.957,-0.590,-0.220,190.369,-255.920,-15.320
-0.956,-0.916,0.633,198.181,-265.259,-22.339
-0.919,-1.123,1.713,209.534,-266.602,-23.376
-0.697,-1.252,2.641,222.534,-253.418,-25.574
-0.530,-1.290,3.577,224.548,-226.624,-22.095
-0.343,-1.217,4.000,212.219,-193.970,-13.611
-0.184,-0.945,4.000,178.589,-150.208,-3.479
-0.186,-0.705,4.000,133.362,-94.604,10.864
-0.251,-0.500,4.000,95.459,-50.293,24.231
-0.307,-0.263,3.622,73.181,-28.137,26.306
-0.347,-0.155,3.311,57.922,-18.860,18.127
-0.380,-0.171,3.093,54.626,-12.390,6.897
-0.183,-0.299,2.911,69.214,-3.662,-8.545
-0.155,-0.497,3.062,90.088,9.216,-23.071
-0.101,-0.641,2.733,100.281,-12.268,-27.100
-0.262,-0.641,2.981,62.866,-12.573,-29.175
-0.082,-0.623,2.544,28.198,18.066,-20.447
-0.075,-0.459,2.159,1.160,35.156,-12.024
-0.120,-0.327,1.754,-14.954,39.551,-4.272
-0.091,-0.181,1.334,-19.531,46.326,-0.793
-0.069,-0.054,0.999,-23.987,43.152,-0.122
-0.078,0.064,0.810,-26.428,28.137,-0.488
-0.132,0.126,0.617,-24.109,17.578,-2.563
-0.162,0.120,0.491,-20.630,7.385,-7.874
-0.149,0.048,0.504,-17.639,-7.812,-17.151
-0.128,-0.084,0.571,-13.245,-20.569,-25.635
-0.114,-0.204,0.652,-9.216,-26.367,-27.771
-0.113,-0.312,0.730,-8.850,-28.992,-26.611
-0.102,-0.377,0.811,-10.437,-30.640,-22.278
-0.097,-0.406,0.812,-14.221,-28.564,-16.113
-0.080,-0.413,0.749,-15.564,-21.118,-10.071
-0.088,-0.394,0.689,-9.583,-12.634,-3.357
-0.100,-0.330,0.652,0.793,-6.104,0.977
-0.097,-0.266,0.599,10.498,-1.648,1.038
-0.128,-0.208,0.590,17.212,-1.465,-0.366
-0.158,-0.192,0.660,22.827,-5.249,-1.465
-0.155,-0.229,0.751,24.780,-8.972,-5.310
-0.130,-0.290,0.863,22.949,-11.230,-8.850
-0.115,-0.336,0.952,19.165,-13.245,-9.460
-0.091,-0.377,1.036,14.160,-14.404,-7.324
-0.192,-0.374,1.205,11.536,-13.245,-2.380
-0.094,-0.356,1.157,15.442,-6.775,3.418
-0.167,-0.349,1.232,17.761,-4.883,8.667
-0.163,-0.319,1.289,17.517,0.427,5.066
-0.118,-0.299,1.200,18.677,12.573,4.211
-0.057,-0.261,1.182,11.963,16.418,4.211
-0.126,-0.277,1.057,6.653,11.902,1.648
-0.107,-0.263,0.995,4.517,10.254,0.183
-0.093,-0.264,0.957,4.395,11.841,0.610
-0.105,-0.279,0.940,8.362,11.292,0.671
-0.102,-0.301,0.961,9.705,9.460,0.244
-0.107,-0.307,0.965,6.042,7.874,-0.122
-0.133,-0.324,0.921,0.488,7.507,-0.610
-0.135,-0.370,0.881,-1.221,6.592,-2.014
-0.117,-0.414,0.909,1.282,5.310,-2.563
-0.113,-0.432,0.928,6.714,7.019,-1.404
-0.104,-0.422,0.910,10.620,10.254,0.427
-0.090,-0.391,0.865,11.292,11.169,1.526
-0.079,-0.356,0.837,10.925,9.155,2.625
-0.072,-0.320,0.828,11.902,6.592,3.418
-0.077,-0.272,0.865,11.353,3.052,4.150
-0.098,-0.234,0.924,7.874,-1.160,4.456
-0.104,-0.229,0.951,4.089,-2.258,3.113
-0.111,-0.231,0.960,3.113,-2.197,2.075
-0.111,-0.254,0.980,4.211,-1.892,0.977
-0.097,-0.293,1.023,5.554,-0.610,-0.732
-0.069,-0.331,1.028,4.761,1.648,-1.587
-0.065,-0.336,0.991,1.221,4.089,-0.793
-0.072,-0.333,0.944,-3.906,4.211,0.793
-0.067,-0.334,0.914,-8.240,1.648,1.770
-0.077,-0.333,0.886,-10.803,-0.916,2.930
-0.082,-0.324,0.844,-10.376,-2.319,3.967
-0.098,-0.311,0.824,-7.080,-4.028,5.066
-0.112,-0.300,0.834,-3.235,-7.324,5.188
-0.131,-0.287,0.873,-0.183,-10.437,4.272
-0.128,-0.294,0.908,2.625,-11.414,2.258
-0.133,-0.289,0.965,4.639,-11.108,1.465
-0.153,-0.278,1.009,5.798,-9.644,1.526
-0.173,-0.262,1.036,5.249,-6.592,1.160
-0.176,-0.280,1.030,1.709,-5.005,0.183
-0.168,-0.310,1.021,-2.563,-3.845,-0.854
-0.148,-0.328,1.000,-3.662,-2.319,-0.732
-0.136,-0.338,0.966,-2.808,0.610,0.427
-0.131,-0.325,0.926,-2.625,2.930,2.075
-0.127,-0.295,0.878,-1.404,3.845,3.601
-0.133,-0.265,0.837,1.282,3.479,4.028
-0.133,-0.270,0.841,3.845,1.953,2.502
-0.126,-0.287,0.877,6.042,0.549,0.793
-0.118,-0.295,0.887,6.165,0.732,-0.183
-0.139,-0.364,2.452,-7.202,-13.611,14.404
-0.146,-0.482,2.692,-16.174,-8.240,13.428
-0.129,-0.609,2.990,-27.283,-1.892,15.930
-0.109,-0.694,3.325,-31.372,14.221,21.484
-0.104,-0.750,3.632,-29.114,41.016,24.231
-0.080,-0.817,3.753,-40.344,65.002,23.926
-0.064,-0.893,3.813,-80.933,83.435,24.353
-0.033,-0.982,3.790,-132.080,98.450,28.687
-0.048,-1.074,3.668,-174.866,116.394,35.706
-0.093,-1.098,3.427,-205.017,140.259,44.495
-0.218,-1.028,3.009,-223.572,167.114,53.223
-0.481,-0.979,2.581,-237.854,186.523,57.007
-0.425,-0.938,1.987,-247.314,213.135,57.678
-0.649,-0.983,1.631,-266.479,225.098,49.622
-0.821,-1.213,1.128,-268.188,205.505,31.860
-0.926,-1.302,0.581,-268.494,203.003,21.851
-0.869,-1.435,0.024,-279.053,200.500,19.836
-0.856,-1.427,-0.446,-282.043,184.998,17.029
-0.852,-1.383,-1.112,-263.062,178.589,12.512
-0.892,-1.266,-1.882,-237.976,189.087,13.306
-0.901,-1.076,-2.627,-209.412,191.772,20.813
-1.069,-0.828,-3.336,-169.006,179.993,28.931
-1.070,-0.599,-3.954,-132.385,157.898,32.715
-1.028,-0.464,-4.000,-120.239,112.122,26.428
-0.872,-0.486,-4.000,-115.295,47.607,15.625
-0.684,-0.513,-4.000,-99.609,-14.893,11.353
-0.559,-0.492,-4.000,-59.204,-67.505,15.625
-0.575,-0.326,-4.000,2.136,-110.046,28.748
-0.721,-0.063,-3.722,69.580,-149.353,43.030
-0.895,0.127,-3.040,131.042,-187.195,45.715
-1.077,0.152,-2.307,176.697,-221.252,35.461
-1.073,0.059,-1.495,203.735,-245.667,15.625
-1.003,-0.113,-0.696,219.910,-266.541,-8.484
-0.916,-0.368,0.189,226.440,-282.104,-27.222
-0.807,-0.594,1.119,235.107,-280.151,-35.156
-0.695,-0.775,1.887,242.859,-263.977,-33.386
-0.526,-0.793,2.615,237.061,-239.014,-26.123
-0.405,-0.800,3.165,221.924,-208.313,-20.691
-0.425,-0.928,3.253,193.604,-171.021,-19.043
0.006,-0.897,3.850,149.963,-128.052,-12.573
-0.094,-0.935,3.333,129.639,-73.486,-6.592
0.062,-0.693,2.819,102.783,-27.283,12.939
-0.035,-0.378,2.533,66.589,-11.292,29.419
-0.085,-0.173,2.332,50.781,-16.968,29.785
-0.128,-0.089,2.350,53.711,-19.592,23.743
-0.125,-0.101,2.395,67.078,-18.738,10.010
-0.113,-0.135,2.465,75.134,-18.494,-3.235
-0.129,-0.163,2.532,71.350,-19.165,-11.841
-0.120,-0.245,2.523,56.824,-20.752,-17.639
-0.174,-0.344,2.417,32.471,-20.264,-19.958
-0.102,-0.287,2.522,4.700,-35.583,-14.099
-0.208,-0.271,2.257,-2.136,-38.025,-11.536
-0.110,-0.208,1.983,4.333,8.179,-6.165
-0.184,-0.134,1.739,3.235,14.343,-3.235
-0.185,-0.045,1.651,-6.104,2.747,-2.380
-0.136,-0.024,1.551,-13.733,-1.099,-3.479
-0.139,-0.001,1.419,-12.573,2.808,-6.104
-0.140,0.034,1.317,0.061,7.935,-8.362
-0.086,0.027,1.231,14.038,14.465,-12.329
-0.055,-0.043,1.146,16.479,19.775,-16.846
-0.003,-0.166,1.042,5.188,19.836,-19.287
0.017,-0.262,0.907,-12.268,15.259,-17.883
0.024,-0.329,0.758,-22.949,10.681,-14.038
0.027,-0.356,0.664,-20.996,7.690,-9.705
0.004,-0.360,0.586,-9.949,4.517,-6.165
-0.017,-0.326,0.568,2.258,0.854,-2.319
-0.034,-0.266,0.604,12.512,-3.174,1.038
-0.061,-0.188,0.670,21.545,-5.981,3.174
-0.114,-0.137,0.788,30.579,-6.042,3.662
-0.141,-0.150,0.827,35.522,-9.155,0.427
-0.097,-0.182,0.881,27.222,-9.521,-3.113
-0.056,-0.240,0.865,12.573,-10.376,-5.249
-0.058,-0.269,0.874,3.662,-15.198,-2.991
-0.057,-0.279,0.911,4.944,-16.357,1.831
-0.086,-0.253,0.953,12.878,-13.000,6.958
-0.109,-0.214,0.972,20.386,-8.057,10.498
-0.135,-0.192,1.007,25.330,-3.967,12.146
-0.157,-0.183,1.057,27.893,-3.540,11.047
-0.153,-0.198,1.085,27.405,-3.113,7.996
-0.126,-0.225,1.102,20.569,-2.625,4.517
-0.088,-0.239,1.090,10.803,-3.601,2.747
-0.098,-0.224,1.088,2.686,-4.456,3.418
-0.105,-0.181,1.062,3.418,-2.319,4.883
-0.115,-0.140,1.046,10.010,1.831,5.554
-0.134,-0.125,1.041,14.526,5.066,5.859
-0.162,-0.119,1.065,13.062,6.348,6.470
-0.179,-0.132,1.059,9.033,6.775,5.371
-0.167,-0.175,0.995,4.333,7.385,1.709
-0.142,-0.223,0.932,-3.296,5.310,-1.953
-0.125,-0.254,0.881,-8.118,0.671,-3.601
-0.107,-0.275,0.845,-9.033,-3.113,-4.150
-0.099,-0.281,0.839,-7.446,-5.005,-4.028
-0.090,-0.261,0.875,-3.662,-6.714,-2.869
-0.108,-0.233,0.920,2.075,-6.836,-1.160
-0.126,-0.212,0.947,7.141,-4.639,0.244
-0.126,-0.218,0.955,9.155,-2.380,-0.854
-0.097,-0.242,0.962,8.850,-1.648,-2.686
-0.069,-0.273,0.976,8.179,-1.648,-3.357
-0.054,-0.277,0.980,7.080,-1.648,-3.235
-0.050,-0.258,0.966,5.066,-2.380,-2.869
-0.062,-0.217,0.977,3.540,-3.479,-1.343
-0.077,-0.186,1.001,4.944,-3.296,-0.488
-0.078,-0.181,1.013,8.057,-1.587,-0.732
-0.073,-0.176,1.039,9.338,0.061,-0.732
-0.070,-0.169,1.049,9.094,2.014,-0.610
-0.068,-0.175,1.036,8.118,4.883,-0.854
-0.057,-0.191,1.006,5.737,6.531,-0.671
-0.053,-0.202,0.983,1.587,5.676,0.122
-0.057,-0.204,0.953,-1.282,4.150,1.282
-0.065,-0.204,0.928,-2.502,2.747,2.197
-0.077,-0.207,0.923,-1.465,0.977,2.441
-0.097,-0.212,0.923,0.549,-0.122,2.319
-0.105,-0.223,0.901,1.343,-1.282,0.793
-0.095,-0.249,0.900,-0.549,-4.700,-1.404
-0.074,-0.278,0.921,-2.319,-7.812,-2.686
-0.056,-0.291,0.930,-2.197,-7.996,-2.502
-0.054,-0.283,0.927,-1.282,-6.775,-1.221
-0.068,-0.256,0.939,0.183,-5.981,1.221
-0.090,-0.220,0.966,2.319,-5.127,3.357
-0.059,-0.341,2.283,23.071,17.517,6.287
-0.031,-0.401,2.433,12.878,24.475,8.301
-0.030,-0.414,2.620,4.700,33.325,13.489
-0.049,-0.441,2.723,-1.709,46.387,16.235
-0.034,-0.449,2.716,-13.062,60.364,15.442
-0.014,-0.463,2.656,-32.837,72.327,16.235
-0.006,-0.481,2.514,-56.458,83.435,18.066
0.014,-0.516,2.320,-79.529,94.604,19.775
0.043,-0.543,2.085,-99.426,103.699,22.766
0.033,-0.549,1.861,-116.760,109.497,27.405
0.023,-0.533,1.627,-129.761,112.427,31.677
0.010,-0.517,1.389,-139.099,112.549,34.241
-0.019,-0.499,1.227,-146.606,109.619,35.400
0.034,-0.474,0.975,-148.743,109.924,35.645
0.007,-0.422,0.862,-150.940,105.103,33.752
-0.003,-0.436,0.640,-143.921,89.111,33.081
0.031,-0.406,0.539,-139.587,78.186,38.208
-0.003,-0.358,0.400,-133.850,73.303,42.786
-0.040,-0.293,0.259,-123.779,73.486,42.725
-0.087,-0.225,0.142,-111.267,72.998,39.917
-0.142,-0.129,0.034,-98.694,68.176,35.400
-0.172,-0.069,-0.057,-88.989,62.622,27.954
-0.191,-0.020,-0.127,-84.351,57.983,17.517
-0.186,-0.000,-0.188,-83.740,51.331,4.761
-0.166,-0.003,-0.269,-82.214,45.471,-7.996
-0.156,-0.005,-0.335,-78.125,40.466,-18.250
-0.130,-0.020,-0.393,-71.960,34.424,-25.574
-0.101,-0.040,-0.437,-64.941,26.367,-31.555
-0.072,-0.082,-0.452,-57.068,17.151,-32.776
-0.029,-0.156,-0.480,-46.936,9.338,-27.832
0.011,-0.206,-0.524,-36.743,3.479,-17.029
-0.006,-0.153,-0.552,-29.358,-0.671,-3.296
-0.075,-0.045,-0.606,-21.912,-0.977,7.629
-0.153,0.037,-0.669,-14.893,0.488,13.489
-0.203,0.099,-0.752,-9.277,2.197,13.062
-0.209,0.129,-0.886,-6.348,1.892,6.104
-0.171,0.123,-1.041,-8.667,-6.531,-4.333
-0.141,0.082,-1.106,-14.465,-25.269,-14.038
-0.107,-0.022,-1.093,-18.250,-48.706,-21.667
-0.052,-0.173,-1.056,-11.963,-66.406,-27.344
0.041,-0.324,-0.923,6.470,-76.904,-23.865
0.078,-0.420,-0.806,36.316,-82.214,-13.428
0.016,-0.422,-0.696,69.275,-84.656,-0.488
-0.125,-0.365,-0.587,92.651,-89.294,12.024
-0.187,-0.297,-0.426,106.445,-98.694,17.395
-0.251,-0.287,-0.124,113.525,-115.356,15.076
-0.297,-0.331,0.187,121.643,-129.883,10.437
-0.272,-0.347,0.525,130.188,-131.897,7.690
-0.245,-0.342,0.791,134.399,-129.211,7.324
-0.277,-0.300,1.041,133.301,-122.192,10.193
-0.311,-0.245,1.330,131.531,-112.549,13.794
-0.294,-0.227,1.614,135.986,-102.295,13.123
-0.247,-0.210,1.811,137.512,-91.125,9.521
-0.230,-0.238,1.899,129.883,-79.468,3.723
-0.174,-0.237,2.046,117.859,-70.984,-1.892
-0.099,-0.245,2.103,106.873,-63.477,-5.188
-0.082,-0.242,2.097,98.022,-49.194,-5.737
-0.087,-0.258,1.981,93.506,-31.067,-4.883
-0.121,-0.267,1.910,84.106,-21.301,-2.808
-0.141,-0.278,1.900,69.580,-22.522,-2.563
-0.143,-0.286,1.893,57.190,-24.719,-6.226
-0.015,-0.303,1.922,53.528,-29.236,-11.353
-0.119,-0.391,2.302,60.242,-27.161,-17.639
0.167,-0.447,1.876,79.041,-44.128,-13.000
-0.497,-0.729,2.127,71.350,-39.551,-20.142
-0.076,-0.486,2.412,67.871,-21.851,-14.099
-0.168,-0.342,2.245,61.951,0.366,8.972
0.133,-0.290,2.248,45.898,15.076,12.695
-0.085,-0.301,2.061,27.954,9.766,10.132
0.013,-0.293,1.982,18.127,8.545,14.709
0.038,-0.302,1.877,13.428,15.564,14.160
0.058,-0.305,1.769,8.667,13.428,10.559
-0.041,-0.282,1.600,-3.418,7.202,7.874
-0.024,-0.167,1.456,-17.761,3.967,12.024
-0.001,-0.094,1.426,-26.123,0.793,11.841
-0.023,-0.072,1.326,-23.254,3.357,5.066
0.001,-0.067,1.368,-18.433,3.113,2.075
-0.042,-0.079,1.442,-11.414,1.831,0.916
-0.002,-0.108,1.494,-6.226,3.174,1.282
-0.028,-0.119,1.634,-1.343,7.141,2.808
-0.060,-0.096,1.771,8.179,13.184,5.798
-0.083,-0.106,1.884,14.893,19.775,7.568
-0.101,-0.155,1.998,5.676,22.400,5.310
-0.066,-0.223,2.054,-18.250,19.043,2.136
-0.063,-0.292,2.061,-47.791,16.235,0.793
-0.042,-0.348,2.014,-71.106,18.372,1.770
-0.057,-0.405,1.985,-83.252,22.278,2.563
-0.040,-0.472,1.972,-83.923,28.748,1.404
0.001,-0.529,1.929,-76.843,35.400,1.587
0.032,-0.572,1.880,-70.618,40.405,4.944
0.024,-0.568,1.815,-65.613,45.166,11.047
-0.024,-0.507,1.829,-60.852,51.453,16.235
-0.132,-0.525,1.825,-60.852,59.570,17.151
0.023,-0.516,1.673,-74.585,73.975,16.296
0.048,-0.504,1.602,-111.206,74.524,14.465
0.048,-0.537,1.492,-141.052,58.228,14.832
0.057,-0.535,1.379,-161.072,58.105,20.386
0.053,-0.524,1.167,-167.725,65.857,28.870
0.024,-0.487,1.010,-168.579,70.068,37.720
0.027,-0.397,0.940,-166.443,72.632,42.969
0.019,-0.303,0.880,-159.607,74.890,47.852
0.039,-0.218,0.781,-155.762,79.285,50.659
0.056,-0.128,0.687,-156.433,83.252,48.889
0.076,-0.063,0.617,-154.419,81.055,44.861
0.023,0.033,0.536,-144.287,78.491,41.077
0.022,0.138,0.470,-133.179,77.393,39.734
0.018,0.220,0.408,-121.948,75.134,37.354
-0.001,0.276,0.354,-111.328,71.594,31.555
-0.016,0.314,0.297,-102.905,67.261,24.597
-0.007,0.346,0.241,-98.145,59.143,16.724
-0.006,0.370,0.207,-95.398,50.171,9.094
-0.026,0.391,0.183,-90.393,41.870,3.540
-0.065,0.408,0.167,-81.848,35.339,-1.831
-0.093,0.415,0.111,-71.228,33.020,-9.216
-0.106,0.406,0.029,-59.509,31.128,-19.287
-0.107,0.382,-0.067,-47.424,26.794,-30.823
-0.104,0.339,-0.165,-33.691,20.020,-42.297
-0.118,0.303,-0.260,-17.273,13.062,-52.917
-0.060,0.235,-0.285,1.587,10.132,-62.256
-0.072,-0.291,2.224,45.532,0.977,18.066
-0.128,-0.236,2.375,37.964,9.705,26.062
-0.099,-0.211,2.473,31.860,7.141,21.667
-0.098,-0.205,2.511,15.198,9.216,18.066
-0.092,-0.222,2.469,-1.038,19.531,12.634
-0.100,-0.228,2.430,-13.123,26.978,10.315
-0.037,-0.256,2.291,-24.597,32.898,12.207
-0.051,-0.270,2.189,-39.673,40.161,13.000
-0.074,-0.270,2.098,-52.185,46.753,14.282
-0.072,-0.290,2.006,-58.899,57.861,14.832
-0.034,-0.309,1.891,-61.218,67.505,15.198
-0.023,-0.303,1.811,-63.538,66.467,16.968
-0.033,-0.286,1.724,-64.941,66.345,18.738
-0.022,-0.293,1.618,-64.941,74.280,18.066
0.032,-0.256,1.562,-64.148,82.031,16.541
-0.027,-0.278,1.342,-60.608,86.914,15.625
0.009,-0.231,1.370,-57.983,92.346,16.785
-0.031,-0.224,1.349,-58.105,79.224,14.709
-0.006,-0.229,1.349,-63.354,71.716,11.902
0.019,-0.258,1.270,-74.829,72.083,8.362
0.029,-0.283,1.169,-86.914,70.374,9.033
0.017,-0.277,1.089,-95.215,68.176,11.475
0.026,-0.254,1.011,-97.168,68.604,13.977
0.007,-0.222,0.918,-93.811,69.275,15.259
0.018,-0.180,0.807,-88.867,70.374,15.137
0.033,-0.142,0.702,-83.984,69.641,13.062
0.035,-0.108,0.592,-78.247,67.200,10.315
0.058,-0.106,0.504,-71.411,63.232,9.155
0.049,-0.085,0.420,-59.753,58.289,8.789
0.027,-0.045,0.375,-50.232,50.659,8.789
0.011,0.001,0.363,-45.227,44.189,8.789
-0.000,0.030,0.333,-43.274,40.771,6.470
-0.001,0.047,0.281,-42.053,37.659,3.540
-0.003,0.057,0.256,-40.955,31.799,1.160
0.002,0.050,0.275,-38.269,23.987,-0.793
0.002,0.040,0.320,-32.715,14.771,-2.563
0.011,0.027,0.365,-26.855,7.202,-4.639
0.035,-0.004,0.386,-20.813,3.967,-6.592
0.056,-0.032,0.401,-13.916,3.723,-5.005
0.070,-0.065,0.403,-6.042,7.141,-0.122
0.072,-0.058,0.385,2.319,13.855,6.470
0.047,-0.028,0.354,8.789,21.423,12.817
0.027,0.011,0.314,14.465,27.222,17.151
0.003,0.033,0.307,18.555,28.259,18.616
0.002,0.037,0.316,19.653,26.306,16.785
0.022,0.014,0.307,16.968,23.743,13.428
0.062,-0.047,0.303,11.536,19.470,10.437
0.138,-0.133,0.320,5.066,10.803,11.658
0.188,-0.174,0.357,-0.488,0.061,18.982
0.195,-0.171,0.366,-2.686,-5.737,29.419
0.188,-0.149,0.339,-1.404,-5.798,40.405
0.147,-0.103,0.299,2.319,-5.676,49.805
0.085,-0.026,0.296,6.287,-7.935,54.993
0.045,0.050,0.324,8.667,-9.949,53.528
0.016,0.093,0.312,9.705,-7.446,44.983
0.031,0.114,0.229,11.292,0.488,31.799
0.066,0.104,0.101,12.329,4.944,19.836
0.088,0.088,0.021,12.451,-0.732,10.254
0.113,0.055,-0.001,13.184,-13.367,3.357
0.131,0.030,0.021,16.235,-26.672,-0.977
0.133,0.026,0.066,22.400,-38.757,-3.296
0.130,0.021,0.100,30.029,-48.462,-5.432
0.116,-0.014,0.145,37.903,-55.725,-7.751
0.111,-0.065,0.230,44.983,-63.354,-7.935
0.094,-0.084,0.325,49.438,-68.420,-6.775
0.065,-0.085,0.351,53.223,-67.383,-5.615
0.060,-0.079,0.422,55.664,-62.744,-5.005
0.022,-0.101,0.461,56.030,-63.477,-6.226
-0.008,-0.104,0.538,53.833,-67.993,-6.958
-0.007,-0.115,0.615,51.270,-70.313,-8.911
-0.014,-0.155,0.682,52.368,-74.097,-11.169
-0.007,-0.186,0.749,52.368,-79.041,-11.475
0.034,-0.285,0.819,49.133,-80.811,-10.132
0.089,-0.345,0.903,47.485,-79.041,-5.005
0.081,-0.342,0.980,48.584,-75.317,5.127
0.041,-0.304,1.055,52.673,-66.162,17.700
0.002,-0.242,1.120,56.946,-53.223,25.146
-0.034,-0.198,1.137,58.960,-42.053,26.428
-0.059,-0.151,1.179,56.519,-37.048,22.827
-0.040,-0.130,1.180,53.223,-33.325,16.113
-0.009,-0.129,1.136,50.598,-27.100,9.033
0.014,-0.139,1.113,46.143,-28.076,4.028
0.007,-0.161,1.146,41.199,-38.635,1.221
-0.004,-0.171,1.186,39.063,-45.410,0.610
-0.016,-0.154,1.230,43.640,-46.509,1.953
-0.035,-0.140,1.266,51.697,-44.617,3.052
-0.037,-0.121,1.292,57.678,-39.612,3.601
-0.045,-0.102,1.287,60.547,-31.250,3.906
-0.041,-0.092,1.205,61.096,-21.790,2.686
-0.011,-0.120,1.084,56.274,-17.395,-0.183
-0.004,-0.181,1.013,47.852,-21.912,-1.587
-0.030,-0.209,1.096,41.870,-34.302,1.038
-0.092,-0.210,1.322,44.434,-49.133,7.080
-0.151,-0.203,1.555,53.406,-53.833,8.667
-0.161,-0.215,1.697,65.369,-43.884,6.165
-0.162,-0.237,1.753,74.646,-30.640,3.235
-0.310,-0.232,2.171,78.613,-21.423,0.793
-0.034,-0.410,1.873,88.074,-0.549,-1.953
-0.076,-0.441,1.848,72.449,7.446,-1.282
-0.123,-0.434,1.922,44.922,-1.770,5.066
-0.088,-0.440,1.883,21.545,3.113,7.263
0.196,-0.359,1.992,6.042,9.949,5.798
-0.276,-0.505,1.617,-0.488,19.714,-0.427
0.075,-0.386,1.652,-4.456,28.992,5.493
-0.012,-0.326,1.511,-5.493,29.724,6.653
-0.029,-0.290,1.383,-2.380,29.785,8.240
-0.070,-0.218,1.320,-5.188,29.236,7.019
-0.045,-0.199,1.207,-8.179,28.198,2.380
-0.011,-0.231,1.093,-11.780,26.550,-4.028
0.028,-0.258,1.001,-15.381,22.095,-8.301
0.040,-0.286,0.920,-17.578,17.029,-9.338
0.056,-0.313,0.853,-18.921,12.024,-9.888
0.056,-0.323,0.825,-18.494,6.714,-8.667
0.037,-0.316,0.786,-15.625,4.150,-7.019
0.009,-0.309,0.730,-11.353,3.906,-5.554
-0.018,-0.308,0.693,-6.714,1.709,-4.822
-0.039,-0.297,0.715,-3.601,-4.639,-4.700
-0.060,-0.288,0.779,-3.052,-11.475,-5.066
-0.061,-0.308,0.803,-2.930,-14.832,-6.531
0.222,-0.204,2.449,62.683,14.404,-4.517
0.254,-0.255,2.735,18.555,3.296,-1.343
0.211,-0.287,3.060,-18.860,-1.160,7.019
0.166,-0.315,3.249,-37.476,19.287,14.038
0.203,-0.363,3.281,-40.283,60.181,16.724
0.195,-0.411,3.294,-47.180,90.820,17.822
0.165,-0.493,3.306,-65.674,108.582,16.785
0.053,-0.677,3.275,-98.572,123.596,13.855
0.154,-0.823,2.923,-134.766,154.297,12.512
0.130,-0.894,2.570,-174.744,182.007,17.395
0.011,-0.976,2.173,-191.406,183.838,23.621
-0.049,-1.026,1.742,-201.111,200.623,31.555
-0.129,-1.023,1.296,-207.214,209.290,37.537
-0.195,-0.996,0.918,-210.754,197.021,41.748
-0.278,-0.994,0.635,-212.280,173.218,39.734
-0.298,-0.977,0.380,-209.961,145.142,34.180
-0.299,-0.911,0.200,-200.806,123.657,28.625
-0.330,-0.877,-0.044,-184.631,113.953,23.132
-0.360,-0.862,-0.374,-167.603,111.206,20.325
-0.428,-0.815,-0.711,-160.767,108.093,22.705
-0.522,-0.741,-1.111,-164.185,104.309,28.809
-0.557,-0.713,-1.714,-176.941,103.333,31.189
-0.567,-0.682,-2.336,-197.510,90.393,28.687
-0.563,-0.601,-3.004,-208.618,59.692,25.391
-0.671,-0.561,-3.522,-194.885,23.621,22.034
-0.548,-0.569,-3.770,-152.710,-9.521,19.897
-0.612,-0.573,-3.917,-85.754,-44.189,18.982
-0.598,-0.562,-3.802,-15.808,-78.613,17.090
-0.573,-0.596,-3.617,35.400,-108.521,17.822
-0.587,-0.635,-3.378,66.895,-145.447,19.165
-0.721,-0.687,-2.991,84.534,-183.044,21.667
-0.829,-0.714,-2.445,105.103,-220.642,28.748
-0.871,-0.800,-1.821,140.564,-246.887,34.119
-0.966,-0.852,-1.201,182.556,-256.470,38.452
-1.122,-0.714,-0.431,217.285,-267.944,43.884
-1.241,-0.551,0.469,247.559,-279.663,42.725
-1.281,-0.433,1.314,273.315,-282.715,29.419
-1.132,-0.367,2.162,280.212,-276.123,13.489
-0.989,-0.269,3.084,269.531,-260.498,4.272
-0.866,-0.220,3.791,249.573,-234.924,0.732
-0.675,-0.245,4.000,213.440,-193.848,-4.456
-0.532,-0.300,4.000,173.279,-148.621,-10.315
-0.362,-0.381,4.000,145.203,-115.906,-12.390
-0.207,-0.406,4.000,123.779,-85.022,-13.123
-0.143,-0.364,4.000,105.652,-51.147,-8.484
-0.001,-0.289,4.000,86.914,-12.817,-6.897
0.037,-0.240,3.511,62.683,-7.019,-1.953
-0.222,-0.285,3.241,18.921,8.606,-11.597
-0.071,-0.119,2.324,16.479,37.842,-17.822
-0.025,-0.019,1.742,6.042,49.011,-12.146
0.090,0.023,1.482,5.920,33.142,-14.587
0.027,-0.077,1.337,11.353,12.268,-20.020
-0.010,-0.122,1.309,11.536,-3.906,-21.912
-0.031,-0.123,1.313,12.085,-11.902,-21.484
-0.070,-0.168,1.280,9.644,-14.282,-22.644
-0.056,-0.211,1.226,2.014,-15.320,-21.240
-0.083,-0.198,1.143,-7.690,-16.052,-16.663
-0.102,-0.170,1.024,-15.137,-14.160,-11.169
-0.112,-0.131,0.898,-16.602,-10.803,-7.019
-0.115,-0.083,0.791,-12.634,-9.521,-3.662
-0.126,-0.053,0.717,-7.812,-9.033,-1.404
-0.131,-0.024,0.667,-4.272,-9.827,-1.099
-0.150,0.009,0.665,-2.808,-12.512,-2.197
-0.167,0.010,0.652,-0.732,-13.550,-5.737
-0.152,-0.033,0.652,2.869,-13.000,-11.963
-0.119,-0.139,0.718,5.249,-14.771,-16.174
-0.075,-0.233,0.835,5.554,-17.456,-15.869
-0.071,-0.288,0.926,5.798,-16.174,-13.000
-0.076,-0.324,0.980,7.446,-11.047,-9.644
-0.068,-0.354,0.995,10.437,-5.127,-6.714
-0.048,-0.380,1.030,13.672,-0.061,-3.906
-0.027,-0.396,1.087,18.494,5.493,0.122
-0.030,-0.396,1.139,24.719,12.756,4.883
-0.029,-0.392,1.196,31.250,20.386,9.277
-0.035,-0.374,1.249,36.743,25.208,13.000
-0.029,-0.365,1.317,39.429,26.794,16.052
-0.028,-0.349,1.460,40.588,26.184,19.165
-0.019,-0.319,1.648,45.410,27.222,22.583
-0.007,-0.292,1.857,56.030,33.813,24.902
-0.009,-0.259,2.110,67.322,40.344,26.611
-0.041,-0.202,2.437,74.646,41.565,28.381
-0.080,-0.172,2.750,77.515,46.387,25.574
-0.064,-0.209,2.957,77.087,64.941,19.531
-0.025,-0.236,3.096,67.932,86.304,12.512
0.018,-0.359,3.198,46.936,99.976,7.874
0.080,-0.460,3.230,13.733,108.948,5.371
0.107,-0.560,3.206,-24.719,117.615,8.179
0.109,-0.669,3.047,-56.641,127.625,15.625
0.100,-0.753,2.806,-80.261,139.465,25.696
0.138,-0.779,2.578,-99.487,152.344,38.025
-0.064,-0.819,2.117,-111.389,173.096,49.072
-0.016,-0.831,1.854,-117.676,210.388,60.791
-0.196,-0.885,1.596,-126.465,206.848,66.406
-0.287,-0.881,1.355,-125.977,200.073,74.829
-0.364,-0.900,1.034,-132.935,198.914,82.458
